"player_id","player_name","team_name","start_year","end_year","sb_attempts","catcher_stealing_runs","caught_stealing_above_average","n_cs","rate_cs","est_cs_pct","cs_aa_per_throw","seasonal_runner_speed","runner_distance_from_second","pop_time","exchange_time","arm_strength","n_xcs_with_flight_over_xcs","n_xcs_with_exchange_over_xcs","n_xcs_with_accuracy_over_xcs","n_xcs_with_ground_other_over_xcs","n_xcs_with_onfly_other_over_xcs","n_xcs_with_untracked_other_over_xcs"
669087,"Huff, Sam","TEX",2023,2023,4,-0.5207473721057099,-0.8011498032395536,0,0,0.20028745080988838,-0.20028745080988838,"28.675",57.23513362638757,"1.96775","0.6915","82.7479275",0.23390739838025087,-0.068078087505551,-0.541895502298677,-0.017968237543479648,-0.40711537427209676,0
663698,"Bart, Joey","SF",2023,2023,13,0.39137601188155635,0.6021169413562405,3,0.23076923076923078,0.1844525429725969,0.04631668779663388,"28.592307692",56.17628363694174,"2.018454545","0.773818182","81.514244545",0.7004854851545451,-1.1388516931577821,1.0947503603254591,0,-0.054267210965981916,0
681807,"Fry, David","CLE",2023,2023,9,-0.5683359724471931,-0.8743630345341433,1,0.11111111111111113,0.2082625593926826,-0.09715144828157149,"28.888888889",55.26637768672384,"1.911285714","0.627857143","81.832112857",0.3577537308272666,0.3177229322816262,-0.8997686561414144,0,-0.5626195029662246,-0.08745153853539683
543228,"Gomes, Yan","CHC",2023,2023,54,0.7129087996782824,1.096782768735819,14,0.25925925925925924,0.238948467245633,0.020310792013626282,"28.581481481",57.05468316109409,"1.982809524","0.580190476","74.266021667",-5.028709259129706,6.20670246566403,0.5182156732164913,-0.3260778815100663,-0.15983792351215936,-0.11351030599276918
686676,"Lee, Korey","CWS",2023,2023,20,-0.5496945482972141,-0.8456839204572524,4,0.2,0.2422841960228626,-0.042284196022862625,"28.51",56.945762595425364,"1.918333333","0.686066667","83.450034",1.6138613560314876,-0.31839847676142874,-1.3291252780278255,0.01795135868309411,-0.8299728803825801,0
666310,"Naylor, Bo","CLE",2023,2023,45,-1.1548545296916644,-1.7766992764487142,6,0.13333333333333336,0.17281553947663814,-0.039482206143304756,"28.582222222",55.23575815908549,"1.944526316","0.654842105","80.345347368",0.7921473993538749,1.0365431194113377,-0.5148578296816452,-0.3153980949944029,-2.7751338705378785,0
606992,"Haase, Eric","CLE",2023,2023,17,-0.26447782351152394,-0.4068889592484984,4,0.23529411764705882,0.25922876230873526,-0.023934644661676347,"28.735294118",57.429501813847395,"1.989","0.7142","80.927334667",0.5987933116355673,-0.9974621710094277,-0.7201019606651685,0.451375330805295,0.26050652998523594,0
641680,"Heim, Jonah","TEX",2023,2023,55,3.0964235198822694,4.763728492126568,18,0.32727272727272727,0.24065948196133516,0.08661324531139215,"28.423636364",56.83888029697068,"1.969018868","0.707830189","81.248361321",2.5551016212917634,-2.606813366241704,2.636232156277241,1.729245820764682,0.4499622600345876,0
571912,"Maile, Luke","CIN",2023,2023,48,0.8155640965777712,1.2547139947350325,11,0.22916666666666674,0.2030267917763535,0.026139874890313185,"28.454166667",55.69281510474209,"1.932114286","0.668685714","80.540741429",1.132038147284275,0.09758820246163225,-0.7477155027449296,1.786076783406569,-1.9553277169422711,0.9420540812697569
608596,"Murphy, Tom","SEA",2023,2023,19,-2.101678484286729,-3.2333515142872753,1,0.05263157894736843,0.22280797443617237,-0.17017639548880392,"28.521052632",55.231505828446934,"2.046454545","0.739545455","79.5702",-0.015025806824006588,-1.858636544742007,-0.8670003202491916,-0.07204823863546134,-0.4206406038366086,0
608360,"Okey, Chris","LAA",2023,2023,3,0.09238644995669619,0.14213299993337875,1,0.33333333333333337,0.28595566668887373,0.04737766664445958,"28.966666667",60.2243150149637,"2.017333333","0.677333333","76.881566667",-0.1642044153152452,0.12746272779288834,-0.010446415678279336,0.03407557650965737,0.15524552662435753,0
669257,"Smith, Will","LAD",2023,2023,58,-0.37208731730733297,-0.5724420266266661,9,0.15517241379310343,0.1650421039073563,-0.009869690114252866,"28.506896552",55.37256451899975,"1.916411765","0.6163","80.205576275",0.48684497672473526,3.126287961418238,-0.6558156478389966,1.013388444584896,-4.509091698153473,-0.03405606336206583
656180,"Adams, Riley","WSH",2023,2023,23,-0.30126172899562836,-0.46347958307019743,3,0.13043478260869568,0.150586068829139,-0.020151286220443362,"28.886956522",56.435973656484016,"1.935111111","0.650444444","82.370238333",1.0237300039634318,0.12336124626351544,-1.2199628597473628,0.4955335837013032,-0.8861415572510848,0
592200,"Casali, Curt","CIN",2023,2023,13,0.7937729929663307,1.221189219948201,5,0.38461538461538464,0.2906777523116768,0.0939376323037078,"28.2",57.69897007526543,"1.991","0.574461538","75.494736154",-1.3388664301198325,2.4979252001767507,0.5251473818798593,-0.21344342364896804,-0.2495735083396079,0
641511,"Delay, Jason","PIT",2023,2023,30,-2.3995269729171786,-3.691579958334121,3,0.1,0.22305266527780407,-0.12305266527780405,"28.26",56.328598579941286,"1.98725","0.633041667","75.725047083",-2.5985955054080487,1.1383154642229418,-1.6489271895701914,0.3065632230695765,-0.8889359506483989,0
673237,"Diaz, Yainer","HOU",2023,2023,36,2.3504971120068654,3.6161494030874852,10,0.2777777777777777,0.17732918324756988,0.10044859453020794,"28.3",54.12501258299621,"1.9025","0.6935","85.019357813",3.7277289934268962,-1.1380106484361758,1.3789569534460924,-0.37000215431933586,0.01747625897000843,0
553869,"Díaz, Elias","COL",2023,2023,55,3.092362591571662,4.757480910110249,16,0.2909090909090909,0.2044094379979955,0.0864996529110954,"28.621818182",55.89509144168157,"1.922355556","0.645377778","80.441890667",1.549790890954828,0.7378002512503119,-0.22758786333870334,0.7276502438714401,2.019365718847493,-0.04953833147512273
663743,"Fortes, Nick","MIA",2023,2023,51,-1.3237948172788458,-2.0366074111982244,7,0.1372549019607843,0.1771883806117299,-0.039933478650945584,"28.362745098",55.7816019774741,"2.010243902","0.712804878","77.730293415",-1.5448384547683915,-2.6179214490743554,0.24033764894914922,0.9857768928827948,0.9084369145501215,-0.008398963737543246
506702,"León, Sandy","TEX",2023,2023,11,-0.46388250940931025,-0.7136653990912465,1,0.09090909090909091,0.15578776355374968,-0.06487867264465876,"29.154545455",57.21271820910635,"1.955909091","0.658","76.328012727",-0.774467135714249,0.1533413606991907,0.8769875293418887,-5.551115123125783e-17,-0.9695271534180769,0
669004,"Melendez, MJ","KC",2023,2023,3,-0.7627300864342733,-1.1734309022065743,0,0,0.3911436340688581,-0.3911436340688581,"27.966666667",59.58349723381263,"2.100333333","0.827","77.150616667",-0.17721522593204048,-0.6293746363545598,-0.34802524361510506,0.1332982831558432,-0.1521140794607123,0
686452,"Millas, Drew","WSH",2023,2023,7,0.04238055329737272,0.06520085122672725,1,0.14285714285714288,0.13354273553903898,0.00931440731810388,"28.657142857",55.79252332080321,"1.9412","0.7256","85.365374",0.5611345888327708,-0.34300490598024097,-0.17897955342292077,0.6734856804944898,-0.43537279792909334,-0.21206216076827814
669221,"Murphy, Sean","ATL",2023,2023,64,2.422280424752692,3.7265852688502954,13,0.203125,0.14489710517421409,0.05822789482578587,"28.5796875",54.0128542960405,"1.893980392","0.676490196","84.000011176",4.957551944364211,0.5331813930961607,-1.2294983232884644,0.4655052602835243,-0.9453917850811852,-0.05476322052394829
621512,"Nido, Tomás","NYM",2023,2023,8,-0.5569250286208633,-0.8568077363397898,1,0.12500000000000003,0.23210096704247374,-0.1071009670424737,"28.0125",54.10043101575381,"2.014","0.618","71.55804",-0.5541898187367229,-0.47954134846175456,-0.28509831795665064,-0.02044134546593833,0.599468390591791,-0.11700529631051426
543592,"Nola, Austin","SD",2023,2023,29,-1.753705962506197,-2.698009173086457,3,0.10344827586206896,0.19648307493401573,-0.09303479907194673,"28.748275862",56.700758317399966,"1.973444444","0.691111111","78.319368148",-0.6982705828557042,-0.30063190615342783,0.01423376115355729,-0.6800354480310431,-1.0333049971998387,0
650907,"Pinto, René","TB",2023,2023,15,-0.6780925561239656,-1.0432193171137931,1,0.06666666666666668,0.1362146211409195,-0.06954795447425285,"28.62",54.265127804950716,"1.874222222","0.625666667","83.483802222",0.4978026996727824,0.01088992611097462,-0.4941944737089311,-0.10401722737473196,-0.8435537177695259,-0.11014652404436077
444489,"Piña, Manny","OAK",2023,2023,1,-0.3870061539892972,-0.5953940830604573,0,0,0.5953940830604573,-0.5953940830604573,"26.2",58.57079952505606,"1.932","0.5","79.50436",0.003716694821778277,0.2429976243136298,-0.13152305501012895,0,-0.7105853471857364,0
663728,"Raleigh, Cal","SEA",2023,2023,70,2.951131843798536,4.540202836613132,20,0.2857142857142857,0.22085424519124097,0.06486004052304477,"28.578571429",55.6183220885182,"1.958366667","0.669416667","82.105145333",4.510392200953908,1.0428960716034001,0.30786486097930416,0.7238487669769436,-2.104458591731525,0.05965952783110135
668670,"Rogers, Jake","DET",2023,2023,37,-0.35618949334688105,-0.5479838359182785,6,0.16216216216216217,0.1769725361058994,-0.014810373943737253,"28.591891892",55.82760744034903,"1.986111111","0.652","76.713843333",-1.7522877327907167,1.544456570816608,-1.1891135814894138,-0.1471846870380284,1.0192041334472541,-0.023058538863981237
666165,"Sabol, Blake","SF",2023,2023,20,0.15669617246087414,0.241071034555191,4,0.19999999999999998,0.18794644827224047,0.012053551727759553,"28.4",55.712492041323046,"1.999631579","0.741947368","79.425751579",-0.017246039170355228,-1.4754893128463686,1.7703478648096311,-0.04955771052912342,0.013016232291406915,0
642136,"Thaiss, Matt","LAA",2023,2023,26,0.3081953411783544,0.4741466787359298,4,0.15384615384615383,0.13560974312554117,0.018236410720612682,"28.465384615",54.583656781499215,"1.982857143","0.709214286","80.630958571",0.39897686919485553,-1.0424486084370481,0.2943812788589521,-0.0031287381218193175,0.8263658772409896,0
657136,"Wong, Connor","BOS",2023,2023,60,3.2098571643863525,4.938241791363619,15,0.25,0.16769597014393964,0.08230402985606029,"28.485",55.090642374562066,"1.918333333","0.673555556","82.169599259",2.9707574919027215,-0.5692766385001624,0.7135759849612991,0.5605597491157642,1.2626252038839971,0
664874,"Zavala, Seby","AZ",2023,2023,35,-1.2345878528801184,-1.8993659275078745,5,0.14285714285714285,0.19712474078593925,-0.05426759792879641,"28.531428571",55.707768053920375,"2.003592593","0.677111111","78.344463333",-0.5735169765763224,-0.45672244865804823,-0.002200323418488248,-0.8800700223554656,0.2869315730149094,-0.2737877295144591
572287,"Zunino, Mike","CLE",2023,2023,41,-0.03367984459178499,-0.05181514552582306,7,0.1707317073170732,0.17199549135428838,-0.0012637840372151914,"28.297560976",55.409195297381075,"2.039433333","0.659266667","73.716003333",-2.9139798776409718,0.6510911461618694,0.020790630789245146,1.3690914572339008,1.0163272082994408,-0.19513571036930769
595751,"Alfaro, Jorge","BOS",2023,2023,4,-0.06904684269170079,-0.10622591183338584,1,0.25,0.2765564779583465,-0.026556477958346446,"27.85",57.835012120887995,"2.125","0.766333333","82.448613333",0.2510222949505817,-0.6879955741474229,-0.24534759633936018,0,0.5760949637028153,0
665804,"Amaya, Miguel","CHC",2023,2023,23,-0.6383640469990928,-0.9820985338447581,3,0.13043478260869565,0.1731347188628156,-0.04269993625411994,"28.660869565",55.075958072978985,"1.977705882","0.643882353","77.472151176",-0.7648471411366958,0.18020026756757995,-0.9123537018796112,1.4406151341248647,-0.9257130925208958,0
668663,"Barrera, Tres","STL",2023,2023,2,-0.3235057369990215,-0.4977011338446485,0,0,0.24885056692232424,-0.24885056692232424,"28.9",56.93092625417354,"2.041","0.7165","76.51614",-0.1018648118849401,-0.06391330712130806,-0.34062861591568977,0.008705601077289488,0,0
641470,"Collins, Zack","CLE",2023,2023,2,-0.5271790227268622,-0.8110446503490188,0,0,0.4055223251745095,-0.4055223251745095,"28.75",61.889950934127434,"2.3315","0.9835","76.012945",-0.167559145997549,-0.6621781346037572,0.15506634838225256,0,-0.13637371812996527,0
641598,"Garver, Mitch","TEX",2023,2023,13,0.27967046978905896,0.43026226121393685,3,0.23076923076923075,0.19767213375277412,0.03309709701645667,"28.369230769",55.860999844928564,"2.004909091","0.715545455","79.58285",-0.02002056177889225,-0.6576637952250936,-0.45223043532405177,0.9466340341108862,0.6135430194310881,0
645444,"Herrera, Jose","AZ",2023,2023,15,1.975284831930117,3.0388997414309493,5,0.33333333333333337,0.1307400172379367,0.2025933160953966,"28.766666667",54.12847541656862,"1.9232","0.6347","79.108704",-0.045540331276315155,0.6089831471889369,1.1526234955310077,0.716683208249636,0.606150221737684,0
643376,"Jansen, Danny","TOR",2023,2023,34,-1.229097333402529,-1.8909189744654291,5,0.14705882352941177,0.20267408748427732,-0.05561526395486557,"28.508823529",55.29725219159566,"1.998346154","0.717538462","78.238990769",-0.6891706936447237,-1.7205405844565624,-1.2643047516751191,2.2252446802633497,-0.44214762495237314,0
680777,"Jeffers, Ryan","MIN",2023,2023,35,-3.3532662051555215,-5.158871084854648,5,0.14285714285714285,0.2902534595672757,-0.14739631671013279,"28.3",57.389020165055264,"1.947083333","0.686208333","81.564095833",0.9946934539378158,-2.3369455363055485,-2.0639841945644695,-0.27350768412038096,-1.5415899464544691,0.062462822652404104
608348,"Kelly, Carson","DET",2023,2023,27,2.0938704414545164,3.2213391406992558,8,0.29629629629629634,0.1769874392333609,0.1193088570629354,"28.740740741",56.25081885990173,"1.94475","0.62455","78.6447275",-0.19019372124634945,0.6919241724718027,3.0109251427457444,0.4277126672323818,-0.4815312309500386,-0.2374978895542848
543510,"McCann, James","BAL",2023,2023,24,1.089217882499801,1.6757198192304628,8,0.33333333333333337,0.2635116741987307,0.06982165913460261,"28.345833333",57.51883053064833,"2.016285714","0.686761905","78.260287143",-0.6531720865063859,-0.503794888795476,1.6456477611728269,0.4322548366438589,0.7547841967156383,0
682515,"Porter, Logan","KC",2023,2023,8,-0.3702648412292135,-0.5696382172757131,1,0.125,0.1962047771594641,-0.07120477715946413,"28.4",56.70511913426382,"1.982875","0.575","77.3133375",-0.5118507319690544,1.577204237783306,-0.7802887500294698,0.009771362659293403,-0.8644743357197884,0
666163,"Rortvedt, Ben","NYY",2023,2023,10,0.6788183307311793,1.0443358934325835,3,0.3,0.1955664106567416,0.10443358934325836,"28.88",56.74602767268712,"1.94925","0.728375","85.484135",0.8311133978558515,-0.9497970473200724,0.7409678680674324,-0.2786209572859261,0.7006726321152983,0
660688,"Ruiz, Keibert","WSH",2023,2023,86,-7.964094060835979,-12.25245240128612,6,0.06976744186046512,0.212237818619606,-0.14247037675914087,"28.33255814",56.324076569134334,"2.063435484","0.685387097","74.736537742",-7.456459344856406,-5.009325046416755,3.354543762147303,-0.7352266411736974,-2.3640644133546087,-0.04192071763195468
661531,"Serven, Brian","COL",2023,2023,3,-0.46141617631901344,-0.7098710404907899,0,0,0.23662368016359664,-0.23662368016359664,"28.633333333",59.14700494264449,"2.017666667","0.771666667","79.17839",0.016365805954912084,-0.3397914107471548,-0.33383051476191744,-0.11099732891889844,0.05838240798226865,0
620443,"Torrens, Luis","SEA",2023,2023,2,-0.14811043984616304,-0.22786221514794314,0,0,0.11393110757397157,-0.11393110757397157,"29.2",54.0176149129279,"1.9115","0.6505","77.93355",-0.014229370110130129,0.03351641429233952,0.11480391809483478,0,-0.36195317742498734,0
624431,"Trevino, Jose","NYY",2023,2023,22,-0.31212057322550546,-0.48018549727000837,4,0.18181818181818182,0.20364479533045493,-0.021826613512273094,"28.363636364",55.665200080889875,"1.9810625","0.6499375","75.00304625",-1.5443017339166338,-0.3846485171145252,0.27594542600809413,1.2334440312509831,-0.06062470349792598,0
595453,"Wallach, Chad","LAA",2023,2023,21,-0.6744351827938028,-1.0375925889135427,4,0.19047619047619047,0.2398853613768354,-0.04940917090064488,"28.380952381",57.616089904927485,"1.978882353","0.666117647","78.648498235",-0.41424795423122096,0.27276859373209006,-0.7317839649660579,4.163336342344337e-17,-0.16432926344835425,0
669224,"Wells, Austin","NYY",2023,2023,11,-1.0184677234275474,-1.5668734206577652,1,0.0909090909090909,0.2333521291507059,-0.14244303824161506,"28.618181818",56.44534673505063,"1.9075","0.60325","80.64813875",0.20299306730170574,0.18968942253626953,-0.5356201639368643,-0.27808147239283887,-1.1458542741660376,0
642851,"Wynns, Austin","COL",2023,2023,24,3.4352991503122046,5.28507561586493,10,0.41666666666666663,0.1964551826722946,0.22021148399437207,"28.475",55.4373239461903,"1.903727273","0.563636364","76.900078182",-1.2403067546847173,4.569438281709269,0.44965003368168976,0.1033168279472314,1.4029772272114562,0
605131,"Barnes, Austin","LAD",2023,2023,41,-2.878384686409085,-4.428284132937054,2,0.048780487804878044,0.15678741787651349,-0.10800693007163546,"28.634146341",56.07341283062215,"2.004464286","0.608857143","73.100725357",-3.568246363041655,1.533307807624832,-1.4194479701252414,0.009768432083923834,-0.9102179731413811,-0.07344806633753269
680418,"Cropley, Tyler","KC",2023,2023,3,-0.2358664321972949,-0.3628714341496844,0,0,0.12095714471656147,-0.12095714471656147,"28.633333333",56.811706035596416,"2.1215","0.8335","78.98509",-0.028933300364066883,-0.39509134150217046,0.10453616719176415,0,-0.043382959475211244,0
666023,"Fermin, Freddy","KC",2023,2023,30,2.3696603759781847,3.6456313476587456,9,0.3000000000000001,0.1784789550780418,0.12152104492195819,"28.363333333",54.895540917116996,"1.896833333","0.66275","82.802887917",2.060027147169453,0.1350476832277102,-0.8219373117713924,0.7891589105425602,1.4833349184904154,0
595956,"Gallagher, Cam","CLE",2023,2023,43,0.7242628109458562,1.1142504783782403,9,0.20930232558139536,0.1833895237586456,0.02591280182274978,"28.641860465",56.342293434835014,"1.973241379","0.641655172","77.208672759",-1.4557678594716559,1.2383423995155738,-0.5627974916288732,0.21362552411782412,1.6808479058453718,0
595978,"Hedges, Austin","TEX",2023,2023,32,-0.20451517336960182,-0.31463872826092587,6,0.1875,0.19733246025815387,-0.009832460258153933,"28.259375",55.23059641115267,"1.973863636","0.655045455","77.399453182",-1.0513075826610736,0.36483664747540456,-0.0015014764061190844,-0.34217199672911447,0.760119753667726,-0.044614073607749105
671056,"Herrera, Iván","STL",2023,2023,3,0.09273738798339995,0.14267290458984608,1,0.33333333333333337,0.2857756984700513,0.047557634863282044,"28.1",56.98544415410633,"2.004333333","0.666666667","78.558346667",-0.03977029024548831,-0.05812889950323233,-0.04855363863815637,0,0.28912573297672317,0
624512,"McGuire, Reese","BOS",2023,2023,23,-0.6573589975101987,-1.0113215346310749,4,0.17391304347826092,0.21788354498395981,-0.043970501505698936,"28.195652174",54.95712691151433,"1.98","0.664176471","76.715722353",-0.930163788637268,0.39180662202153793,-1.0303130520368469,-0.1673381127462103,0.9688416988640896,-0.24415490209637744
553882,"Narváez, Omar","NYM",2023,2023,35,-1.2153980078204636,-1.8698430889545592,4,0.11428571428571428,0.16770980254155882,-0.053424088255844535,"28.848571429",54.67177105366431,"2.002782609","0.636478261","75.18220087",-2.197176142561702,0.13037676640790502,-0.07118357513815107,-0.03384249828173563,0.3019823606191243,0
681351,"O'Hoppe, Logan","LAA",2023,2023,19,-1.7671495118100136,-2.71869155663079,1,0.05263157894736843,0.19572060824372584,-0.1430890292963574,"29.068421053",57.45655621435624,"2.0841875","0.7726875","78.627298125",-0.27971924562651546,-2.4885075985257528,0.21756489808696178,0.16107560840775142,-0.32910521897323486,0
657247,"O'Keefe, Brian","SEA",2023,2023,2,-0.5536014688182851,-0.8516945674127463,0,0,0.42584728370637315,-0.42584728370637315,"28.65",59.659234495741295,"2.312","0.9825","79.011515",-0.030882396836254697,-0.7161307436289324,-0.2851781309600146,0,0.18049670401245527,0
656024,"Pérez, Carlos","CWS",2023,2023,11,0.4937412384021429,0.759601905234066,3,0.27272727272727276,0.2036725540696304,0.06905471865764234,"28.636363636",56.52166796458338,"1.9952","0.6026","74.741668",-1.116592774418164,1.3792762719819305,1.2787400409782554,-0.18572363086378946,-0.5960980024441663,0
542208,"Pérez, Carlos","OAK",2023,2023,12,1.3655104906953812,2.1007853703005863,5,0.4166666666666667,0.2416012191416178,0.17506544752504882,"28.691666667",57.942396496278675,"1.988416667","0.644583333","78.32061",-0.2784762034545249,1.1794989021078126,1.6329143306925271,-0.12946031344920034,-0.3036913455960284,0
592663,"Realmuto, J.T.","PHI",2023,2023,63,1.1444901566627979,1.760754087173535,14,0.22222222222222227,0.19427374464803912,0.027948477574183096,"28.373015873",55.03194486650822,"1.842355556","0.609555556","83.116488",3.225713327959472,3.402900853973276,-4.781728062733998,2.113321358741041,-1.8772403770278216,-0.3222130137384331
596142,"Sánchez, Gary","SD",2023,2023,30,1.5121868687280537,2.326441336504698,7,0.2333333333333334,0.15578528878317674,0.07754804455015657,"28.57",55.14194119723891,"1.900818182","0.654136364","82.805156364",1.7276577868285972,0.04055862373302868,0.8012255159182835,1.5751511856892288,-1.818151775664441,0
672275,"Bailey, Patrick","SF",2023,2023,54,3.950680455512456,6.077969931557624,15,0.27777777777777785,0.16522277904522914,0.11255499873254858,"28.809259259",55.311384561440555,"1.864914894","0.594765957","81.76931234",2.119896275537004,4.85355094942816,0.48067500245091566,-1.0385039417427924,-0.3376483541156651,0
669134,"Campusano, Luis","SD",2023,2023,16,-1.2879675745256407,-1.9814885761932934,0,0,0.12384303601208085,-0.12384303601208085,"28.70625",54.609465075167904,"1.958333333","0.668777778","79.762342222",-0.0011251024429233605,-0.7471642423076303,-0.12389282251123537,-0.4097740338050842,-0.44416114772241316,-0.2553712274040071
643348,"Hamilton, Caleb","BOS",2023,2023,2,-0.27219991594710397,-0.418769101457083,0,0,0.2093845507285415,-0.2093845507285415,"28.35",56.693169129507794,"1.982","0.6825","79.805575",0.019848650544710744,-0.004498072432980334,-0.3625076292174414,-0.07161205035137203,0,0
623168,"Heineman, Tyler","TOR",2023,2023,10,-0.3522334566831537,-0.5418976256663903,1,0.10000000000000002,0.15418976256663902,-0.05418976256663903,"28.64",55.661605966786006,"1.969333333","0.601555556","76.491881111",-0.6901788339805617,0.8359304916920146,0.9762039590029254,0,-1.6638532423807688,0
672386,"Kirk, Alejandro","TOR",2023,2023,55,-0.6745551499425086,-1.0377771537577056,10,0.1818181818181818,0.2006868573410492,-0.018868675522867362,"28.349090909",56.031792708735765,"1.982818182","0.636046512","76.730326818",-2.8113080662868177,1.561715997783383,1.426254773904007,0.15443096132919662,-1.8295611438456774,0.4606903233582018
668800,"Knizner, Andrew","STL",2023,2023,34,-0.820289761132916,-1.2619842478967938,6,0.17647058823529416,0.2135877719969645,-0.037117183761670405,"28.688235294",56.34582444342261,"2.018","0.700862069","77.132982759",-1.5229959884808275,-0.16547395458025016,0.3849642241420692,0.1862884148440055,-0.14476694382179045,0
672515,"Moreno, Gabriel","AZ",2023,2023,33,5.979798271693708,9.19968964875955,16,0.48484848484848486,0.20607001064365005,0.27877847420483476,"28.390909091",55.76241453859991,"1.896612903","0.607709677","79.457731935",0.16913345046328487,3.6741801779066607,3.225748310953108,1.9390280022130963,-0.2541113989395756,0.44571110616297405
521692,"Perez, Salvador","KC",2023,2023,33,-1.1158198384988707,-1.716645905382878,4,0.12121212121212122,0.17323169410251146,-0.05201957289039025,"28.703030303",55.62488030250581,"1.990695652","0.643086957","77.33972",-1.1971150493171425,1.0876178040866848,0.5943072531456539,-0.133006650977663,-2.0583742979361643,-0.010074964384246094
547379,"Pérez, Roberto","SF",2023,2023,4,-0.3507049439894146,-0.5395460676760224,0,0,0.1348865169190056,-0.1348865169190056,"27.875",54.01481648814604,"2.042","0.7105","73.73464",-0.1631311523349549,-0.22658519808907152,-0.18401101601322356,0,0.034181298761227524,0
663967,"Salazar, César","HOU",2023,2023,6,0.17882435636347993,0.27511439440535373,1,0.16666666666666669,0.1208142675991077,0.04585239906755895,"27.916666667",54.56955746091956,"2.00975","0.61","73.1836225",-0.2322402703099771,0.1319625022682034,0.17135611273257334,0,0.2581173216715098,-0.05408127195695581
596117,"Stubbs, Garrett","PHI",2023,2023,23,0.05305912900005267,0.08162942923085026,4,0.1739130434782609,0.17036393785952827,0.003549105618732607,"28.304347826",55.48746180471546,"1.8685","0.611277778","82.017183889",1.012147134980887,1.189334954716871,-1.0399669053120584,-0.19109468981539923,-0.8887910653394507,0
664954,"Sullivan, Brett","SD",2023,2023,11,-1.0336876142088922,-1.5902886372444496,1,0.09090909090909091,0.2354807852040409,-0.14457169429494998,"28.618181818",56.26565618766005,"2.066454545","0.747545455","78.986408182",-0.21802096675302896,-1.1654174211716342,-0.5538278334270882,0.001320570730043595,0.345657013377258,0
644433,"Tromp, Chadwick","ATL",2023,2023,1,-0.16435490878175094,-0.25285370581807837,0,0,0.25285370581807837,-0.25285370581807837,"29",58.51350606930258,"1.876","0.667","78.60304",-0.026197906089209758,0.017574737527708773,-0.2442305372565774,0,0,0
571466,"Barnhart, Tucker","CHC",2023,2023,22,-0.924816694482376,-1.4227949145882708,3,0.13636363636363635,0.20103613248128505,-0.06467249611764868,"28.572727273",56.56714555406054,"1.990473684","0.646578947","75.261653158",-1.7935521295217702,0.541008740946188,-0.8589026458784853,0.05556026956490501,1.1012162122740419,-0.46812536197315047
621532,"Bemboom, Anthony","BAL",2023,2023,2,-0.10372388921273451,-0.1595752141734377,0,0,0.07978760708671885,-0.07978760708671885,"29.3",54.61356138100306,"1.97","0.634","79.9122",0.004602594931447546,-0.05133617027954433,0.023391678872908717,0,-0.13623331769824965,0
605170,"Caratini, Victor","MIL",2023,2023,31,-2.1815795856977243,-3.356276285688806,3,0.0967741935483871,0.20504117050609055,-0.10826697695770345,"28.490322581",56.20324944701806,"2.046481481","0.702222222","76.033017778",-2.218635907970574,-1.358221160064162,-0.18311818525088513,0.1183444930324698,0.28535447456434465,0
518735,"Grandal, Yasmani","CWS",2023,2023,81,-4.991996518232327,-7.679994643434349,13,0.16049382716049385,0.25530857584486844,-0.09481474868437467,"28.55308642",57.06508102897104,"2.078272727","0.689106061","74.363536061",-8.47099900901906,-3.8810012450069458,0.9334017236571639,-0.3333315487687108,4.071935435703206,0
543309,"Higashioka, Kyle","NYY",2023,2023,47,-2.520071683395937,-3.8770333590706723,6,0.1276595744680851,0.21014964593767385,-0.08249007146958875,"28.574468085",56.07650532704687,"1.9847","0.626","75.6493005",-3.7834512658360335,1.9807687225953543,0.17293308501811416,-0.24656790541805565,-2.0007159954300513,0
669127,"Langeliers, Shea","OAK",2023,2023,72,3.7167617591211233,5.718095014032497,19,0.2638888888888889,0.18447090258288198,0.07941798630600691,"28.552777778",55.203730988460265,"1.895936508","0.670857143","84.249507302",7.058988000508933,0.049701793476224054,0.4714884946147433,1.4964208482159398,-3.358504122783342,0
682848,"Rodríguez, Endy","PIT",2023,2023,24,2.2794578912421777,3.506858294218735,8,0.33333333333333326,0.1872142377408861,0.14611909559244723,"28.8875",56.526259185143296,"1.896631579","0.643315789","82.078718421",1.267057900218149,0.9715505405489626,0.5473371825186814,0.24090241571541182,0.4800102552175284,0
668939,"Rutschman, Adley","BAL",2023,2023,54,0.31400931052351866,0.4830912469592594,12,0.22222222222222227,0.213276088019273,0.008946134202949249,"28.57962963",55.85109852851039,"1.906826087","0.652478261","82.394495652",3.212058130667429,0.8261908798437199,-3.7501426181004414,1.175530625355228,-0.7465414614139885,-0.23400430939268724
607732,"Stallings, Jacob","MIA",2023,2023,52,-1.0296107076066898,-1.5840164732410613,7,0.13461538461538466,0.16507723987002035,-0.03046185525463578,"28.411538462",55.134779022511,"1.9662","0.671575","79.392791",0.12310252145633142,-0.430344272408824,1.6047454491126771,-0.4673518827973011,-2.399368203690017,-0.014800084913927604
650619,"Viloria, Meibrys","CLE",2023,2023,1,-0.038006807877457506,-0.05847201211916539,0,0,0.05847201211916539,-0.05847201211916539,"29.2",54.890584031064904,"1.964","0.733","80.00827",0.004027916161218788,-0.03475798929834545,0.018046827524678094,0,-0.04578876650671682,0
518595,"d'Arnaud, Travis","ATL",2023,2023,45,-2.8168451874768388,-4.333607980733598,4,0.0888888888888889,0.18519128846074662,-0.09630239957185774,"28.686666667",55.80438607735086,"1.970157895","0.672026316","79.239283947",-0.07079337560533433,-0.4161975597052681,-0.7196040744510618,0.04790658799628367,-3.1749195589682184,0
642336,"Mejía, Francisco","TB",2023,2023,28,0.2314030893575899,0.3560047528578306,4,0.14285714285714288,0.1301426873979346,0.012714455459208239,"28.685714286",54.335885422429904,"1.9385","0.718272727","83.613278636",1.920166635466308,-1.166552892451312,1.3628332225811053,-0.5718131152812498,-1.1886290974570215,0
691016,"Soderstrom, Tyler","OAK",2023,2023,8,-0.191194777593055,-0.29414581168162307,2,0.25000000000000006,0.2867682264602029,-0.036768226460202884,"28.6875",59.35905843930222,"1.927","0.671142857","82.159975714",0.5622884702155027,-0.07178305442230962,0.14793216753923705,-0.24043007026854313,-0.6921533247455102,0
663886,"Stephenson, Tyler","CIN",2023,2023,44,-1.4283585136005328,-2.197474636308512,7,0.1590909090909091,0.20903351446155707,-0.049942605370647986,"28.529545455",55.527610379727,"1.995787879","0.701181818","79.751888788",0.10883588443298889,-1.7212753900501199,1.4491920443172814,-1.0260377112997436,-1.0081894637089182,0
682626,"Alvarez, Francisco","NYM",2023,2023,67,-1.8270223667052172,-2.8108036410849495,8,0.11940298507462685,0.16135527822514853,-0.04195229315052164,"28.541791045",54.88109396384585,"1.944807692","0.659865385","80.619809615",1.226348999124281,0.4386666774916852,-2.8078248381323205,0.07878729718499178,-1.6541892793457316,-0.09259249740785572
661388,"Contreras, William","MIL",2023,2023,58,-0.7192437605996556,-1.1065288624610086,10,0.17241379310344826,0.1914918769389829,-0.01907808383553463,"28.622413793",56.032342825211046,"1.9636","0.652533333","78.464548222",-0.9914308557177905,0.16555667506864355,0.19753741369256533,1.42181138182737,-1.4986674689828337,-0.401336008348964
575929,"Contreras, Willson","STL",2023,2023,33,2.905431613924925,4.469894790653731,10,0.303030303030303,0.16757894573776574,0.1354513572925373,"28.890909091",56.49096023824983,"1.925107143","0.679037037","80.932291429",1.0936940699164666,-0.1615204824538214,1.6446157605408356,-0.050166153759995474,1.9432715964102456,0
455117,"Maldonado, Martín","HOU",2023,2023,70,1.0333631488795605,1.5897894598147084,11,0.1571428571428572,0.13443157914550416,0.022711277997352963,"28.512857143",53.93830151501428,"1.930057692","0.665230769","82.041094038",2.394814120955868,0.18059888872861535,0.5151583942727396,0.3079960700459744,-1.7203786443123847,-0.08839936987610353
543877,"Vázquez, Christian","MIN",2023,2023,41,0.27849440143322246,0.4284529252818807,10,0.24390243902439024,0.23345236767605168,0.01045007134833854,"28.604878049",57.36990268371602,"1.951827586","0.623172414","77.592213793",-1.2379524052623851,1.1946567376515969,-1.7615526710523548,-0.12363011285863738,0.6088477974832055,1.7480835793204552
542194,"Bethancourt, Christian","TB",2023,2023,46,3.4026356165305836,5.234824025431667,12,0.2608695652173913,0.14706904292539855,0.11380052229199275,"28.536956522",54.465982212183725,"1.871552632","0.673368421","85.377670789",4.375794325792148,-0.5552052703283482,2.1566617024713075,0.41132910675203865,-1.1537558392554792,0