"entity_id","entity_name","entity_code","team_id","total_pitches","total_pitches","total_pitches_empty","median_seconds_empty","total_pitches_onbase","median_seconds_empty","freq_hot","freq_warm","freq_cold"
645801,"Ford, Mike","Pit",136,26,26,9,7.899,17,7.899,1,0,0
670097,"Short, Zack","Pit",116,47,47,23,8.072,24,8.072,0.9787234042553191,0.02127659574468085,0
605612,"Castro, Harold","Pit",115,13,13,2,8.177,11,8.177,1,0,0
623507,"Lester, Josh","Pit",110,8,8,1,8.18,7,8.18,1,0,0
641645,"Guillorme, Luis","Pit",121,8,8,3,8.194,5,8.194,1,0,0
595978,"Hedges, Austin","Pit",140,26,26,17,8.361,9,8.361,0.9230769230769231,0.07692307692307693,0
607461,"Beaty, Matt","Pit",118,12,12,8,8.393,4,8.393,1,0,0
681807,"Fry, David","Pit",114,29,29,19,8.672,10,8.672,0.9655172413793104,0.034482758620689655,0
571875,"Lamb, Jake","Pit",108,4,4,2,8.969,2,8.969,1,0,0
613564,"Vosler, Jason","Pit",113,7,7,2,8.978,5,8.978,1,0,0
689172,"Wisely, Brett","Pit",137,5,5,5,9.169,,9.169,1,0,0
500871,"Escobar, Eduardo","Pit",108,21,21,9,9.183,12,9.183,1,0,0
676701,"Trejo, Alan","Pit",115,10,10,7,9.184,3,9.184,1,0,0
571466,"Barnhart, Tucker","Pit",112,21,21,7,9.199,14,9.199,1,0,0
543281,"Harrison, Josh","Pit",143,21,21,1,9.216,20,9.216,1,0,0
641525,"Dixon, Brandon","Pit",135,4,4,4,9.23,,9.23,1,0,0
681584,"Villar, David","Pit",137,5,5,4,9.26,1,9.26,1,0,0
506702,"León, Sandy","Pit",140,6,6,2,9.292,4,9.292,1,0,0
608348,"Kelly, Carson","Pit",116,21,21,8,9.33,13,9.33,1,0,0
670032,"Lopez, Nicky","Pit",144,24,24,15,9.524,9,9.524,0.9583333333333334,0.041666666666666664,0
542194,"Bethancourt, Christian","Pit",139,5,5,1,9.543,4,9.543,1,0,0
670042,"Raley, Luke","Pit",139,19,19,7,9.575,12,9.575,1,0,0
543543,"Miller, Brad","Pit",140,23,23,11,9.622,12,9.622,0.9565217391304348,0.043478260869565216,0
542208,"Pérez, Carlos","Pit",133,20,20,7,9.682,13,9.682,1,0,0
570731,"Schoop, Jonathan","Pit",116,7,7,4,9.763,3,9.763,1,0,0
607054,"Peterson, Jace","Pit",109,24,24,10,9.783,14,9.783,1,0,0
663897,"Williams, Luke","Pit",144,2,2,2,9.921,,9.921,1,0,0
643396,"Kiner-Falefa, Isiah","Pit",147,23,23,11,9.936,12,9.936,1,0,0
676391,"Clement, Ernie","Pit",141,8,8,6,9.978,2,9.978,1,0,0
593643,"Alberto, Hanser","Pit",145,12,12,7,9.98,5,9.98,1,0,0
545121,"Vargas, Ildemaro","Pit",120,14,14,7,10.099,7,10.099,1,0,0
676632,"Madris, Bligh","Pit",117,5,5,4,10.105,1,10.105,1,0,0
500743,"Rojas, Miguel","Pit",119,19,19,11,10.208,8,10.208,0.9473684210526315,0.05263157894736842,0
664901,"Mendick, Danny","Pit",121,9,9,3,10.242,6,10.242,1,0,0
660634,"Hernández, Yonny","Pit",119,3,3,3,10.428,,10.428,1,0,0
664874,"Zavala, Seby","Pit",109,4,4,4,10.463,,10.463,1,0,0
676475,"Burleson, Alec","Pit",138,15,15,2,10.611,13,10.611,0.9333333333333333,0.06666666666666667,0
656716,"McKinstry, Zach","Pit",116,12,12,7,10.612,5,10.612,1,0,0
656669,"Luplow, Jordan","Pit",142,6,6,3,10.685,3,10.685,1,0,0
650907,"Pinto, René","Pit",139,15,15,6,10.782,9,10.782,1,0,0
670712,"Brosseau, Mike","Pit",158,13,13,7,10.817,6,10.817,0.8461538461538461,0.15384615384615385,0
686747,"La Sorsa, Joe","Pit",120,246,246,137,11.048,109,11.048,0.5447154471544715,0.45121951219512196,0.0040650406504065045
645444,"Herrera, Jose","Pit",109,19,19,8,11.078,11,11.078,1,0,0
489119,"Miley, Wade","Pit",158,885,885,617,11.261,268,11.261,0.8135593220338984,0.18418079096045198,0.0022598870056497176
657041,"Thomas, Lane","Pit",120,10,10,7,11.278,3,11.278,0.9,0.1,0
571912,"Maile, Luke","Pit",113,36,36,20,11.358,16,11.358,1,0,0
671106,"Allen, Logan","Pit",114,944,944,601,11.516,343,11.516,0.6684322033898306,0.3305084745762712,0.001059322033898305
681867,"Criswell, Cooper","Pit",139,250,250,155,11.531,95,11.531,0.684,0.316,0
681987,"Eaton, Nate","Pit",118,11,11,5,11.69,6,11.69,0.6363636363636364,0.36363636363636365,0
665665,"Sanmartin, Reiver","Pit",113,142,142,77,11.705,65,11.705,0.4647887323943662,0.528169014084507,0.007042253521126761
543510,"McCann, James","Pit",110,8,8,4,11.747,4,11.747,0.875,0.125,0
665019,"Clemens, Kody","Pit",143,22,22,7,11.806,15,11.806,1,0,0
608718,"Suter, Brent","Pit",115,512,512,317,11.923,195,11.923,0.59765625,0.3984375,0.00390625
687396,"Headrick, Brent","Pit",142,215,215,127,11.954,88,11.954,0.7395348837209302,0.26046511627906976,0
607732,"Stallings, Jacob","Pit",146,39,39,24,11.998,15,11.998,1,0,0
650489,"Castro, Willi","Pit",142,18,18,1,12.117,17,12.117,1,0,0
656605,"Keller, Mitch","Pit",134,1371,1371,878,12.125,493,12.125,0.5944566010211525,0.4026258205689278,0.0029175784099197666
518626,"Donaldson, Josh","Pit",158,5,5,5,12.142,,12.142,1,0,0
691094,"Wynne, Randy","Pit",113,10,10,7,12.148,3,12.148,0.7,0.3,0
543063,"Crawford, Brandon","Pit",137,11,11,3,12.165,8,12.165,0.6363636363636364,0.36363636363636365,0
445926,"Chavez, Jesse","Pit",144,287,287,132,12.222,155,12.222,0.4843205574912892,0.5156794425087108,0
596001,"Junis, Jakob","Pit",137,608,608,363,12.245,245,12.245,0.6611842105263158,0.3371710526315789,0.001644736842105263
686294,"Willingham, Amos","Pit",120,197,197,120,12.307,77,12.307,0.5989847715736041,0.4010152284263959,0
455117,"Maldonado, Martín","Pit",117,16,16,4,12.312,12,12.312,0.8125,0.1875,0
571927,"Matz, Steven","Pit",138,842,842,522,12.345,320,12.345,0.6163895486935868,0.3824228028503563,0.0011876484560570072
668942,"Rojas, Josh","Pit",136,17,17,9,12.395,8,12.395,0.8823529411764706,0.11764705882352941,0
663989,"Vespi, Nick","Pit",110,92,92,64,12.4,28,12.4,0.5978260869565217,0.40217391304347827,0
622569,"Reyes, Pablo","Pit",111,26,26,7,12.424,19,12.424,0.8461538461538461,0.15384615384615385,0
448179,"Hill, Rich","Pit",135,1171,1171,682,12.518,489,12.518,0.5824081981212639,0.41417591801878734,0.0034158838599487617
669211,"Akin, Keegan","Pit",110,184,184,84,12.558,100,12.558,0.592391304347826,0.4076086956521739,0
657140,"Wright, Kyle","Pit",144,257,257,135,12.579,122,12.579,0.46303501945525294,0.5291828793774319,0.007782101167315175
660813,"Graterol, Brusdar","Pit",119,384,384,231,12.583,153,12.583,0.7473958333333334,0.2526041666666667,0
622110,"Duffy, Matt","Pit",118,11,11,4,12.584,7,12.584,0.9090909090909091,0.09090909090909091,0
571945,"Mikolas, Miles","Pit",138,1380,1380,881,12.601,499,12.601,0.5659420289855073,0.43043478260869567,0.0036231884057971015
676596,"Fleming, Josh","Pit",139,361,361,237,12.603,124,12.603,0.590027700831025,0.4099722991689751,0
685410,"Battenfield, Peyton","Pit",114,244,244,174,12.646,70,12.646,0.6844262295081968,0.3155737704918033,0
592836,"Walker, Taijuan","Pit",143,1310,1310,900,12.675,410,12.675,0.6,0.39923664122137403,0.0007633587786259542
693821,"Elder, Bryce","Pit",144,1247,1247,798,12.681,449,12.681,0.5132317562149158,0.48115477145148355,0.0056134723336006415
680689,"Richardson, Lyon","Pit",113,153,153,89,12.699,64,12.699,0.5816993464052288,0.4117647058823529,0.006535947712418301
670241,"Vines, Darius","Pit",144,127,127,94,12.699,33,12.699,0.6377952755905512,0.36220472440944884,0
605154,"Brebbia, John","Pit",137,299,299,192,12.704,107,12.704,0.5117056856187291,0.4682274247491639,0.020066889632107024
621389,"Blach, Ty","Pit",115,552,552,304,12.715,248,12.715,0.5,0.49818840579710144,0.0018115942028985507
663687,"Harris, Hogan","Pit",133,509,509,296,12.735,213,12.735,0.5717092337917485,0.4223968565815324,0.005893909626719057
670955,"Uceta, Edwin","Pit",121,21,21,16,12.736,5,12.736,0.6190476190476191,0.38095238095238093,0
674370,"Bido, Osvaldo","Pit",134,437,437,235,12.761,202,12.761,0.4576659038901602,0.5377574370709383,0.004576659038901602
686973,"Varland, Louie","Pit",142,431,431,290,12.763,141,12.763,0.6148491879350348,0.3851508120649652,0
615698,"Quantrill, Cal","Pit",114,772,772,467,12.78,305,12.78,0.5621761658031088,0.4378238341968912,0
641745,"Keller, Brad","Pit",118,436,436,251,12.822,185,12.822,0.5,0.5,0
669721,"Daniel, Davis","Pit",108,93,93,50,12.824,43,12.824,0.4946236559139785,0.5053763440860215,0
689266,"Dodd, Dylan","Pit",144,223,223,130,12.825,93,12.825,0.5112107623318386,0.48878923766816146,0
571710,"Givens, Mychal","Pit",110,37,37,24,12.825,13,12.825,0.7297297297297297,0.2702702702702703,0
594835,"Gonzales, Marco","Pit",136,370,370,215,12.837,155,12.837,0.5594594594594594,0.44054054054054054,0
682990,"Priester, Quinn","Pit",134,382,382,270,12.838,112,12.838,0.5732984293193717,0.42670157068062825,0
607755,"Vasquez, Andrew","Pit",116,423,423,189,12.92,234,12.92,0.6524822695035462,0.34515366430260047,0.002364066193853428
622491,"Castillo, Luis","Pit",136,1352,1352,905,12.93,447,12.93,0.5680473372781065,0.4319526627218935,0
663546,"Hjelle, Sean","Pit",137,224,224,115,12.943,109,12.943,0.3794642857142857,0.5982142857142857,0.022321428571428572
502624,"Anderson, Chase","Pit",115,676,676,430,12.958,246,12.958,0.5177514792899408,0.4822485207100592,0
641540,"Dunning, Dane","Pit",140,1208,1208,785,12.96,423,12.96,0.5670529801324503,0.4304635761589404,0.0024834437086092716
682989,"Mederos, Victor","Pit",108,36,36,17,13.029,19,13.029,0.5277777777777778,0.4722222222222222,0
694363,"Shuster, Jared","Pit",144,389,389,259,13.031,130,13.031,0.5167095115681234,0.4755784061696658,0.007712082262210797
594902,"Lively, Ben","Pit",113,643,643,425,13.034,218,13.034,0.5987558320373251,0.39968895800933124,0.0015552099533437014
641482,"Cortes, Nestor","Pit",147,473,473,316,13.035,157,13.035,0.5496828752642706,0.44820295983086683,0.0021141649048625794
622072,"Wood, Alex","Pit",137,792,792,488,13.04,304,13.04,0.5845959595959596,0.4128787878787879,0.0025252525252525255
663903,"Singer, Brady","Pit",118,1204,1204,701,13.041,503,13.041,0.5058139534883721,0.4908637873754153,0.0033222591362126247
660730,"Rodriguez, Elvin","Pit",139,25,25,24,13.048,1,13.048,0.76,0.2,0.04
663738,"Lynch IV, Daniel","Pit",118,352,352,207,13.053,145,13.053,0.5369318181818182,0.45738636363636365,0.005681818181818182
678226,"Hernández, Daysbel","Pit",144,29,29,14,13.074,15,13.074,0.7931034482758621,0.20689655172413793,0
647336,"Soroka, Michael","Pit",144,245,245,180,13.097,65,13.097,0.6081632653061224,0.39183673469387753,0
642048,"Saucedo, Tayler","Pit",136,351,351,181,13.098,170,13.098,0.5612535612535613,0.43874643874643876,0
646242,"Diaz, Jhonathan","Pit",108,77,77,27,13.119,50,13.119,0.33766233766233766,0.6623376623376623,0
682847,"Ortiz, Luis L.","Pit",134,647,647,362,13.126,285,13.126,0.4312210200927357,0.5641421947449768,0.00463678516228748
657277,"Webb, Logan","Pit",137,1453,1453,1017,13.131,436,13.131,0.6056434962147281,0.3936682725395733,0.0006882312456985547
571510,"Boyd, Matthew","Pit",116,510,510,342,13.137,168,13.137,0.5470588235294118,0.45098039215686275,0.00196078431372549
683769,"Gaddis, Hunter","Pit",114,303,303,198,13.138,105,13.138,0.5379537953795379,0.46204620462046203,0
696136,"Wicks, Jordan","Pit",112,258,258,169,13.144,89,13.144,0.562015503875969,0.437984496124031,0
657272,"Uelmen, Erich","Pit",143,20,20,2,13.145,18,13.145,0.05,0.95,0
676106,"Hancock, Emerson","Pit",136,81,81,35,13.152,46,13.152,0.4074074074074074,0.5925925925925926,0
669373,"Skubal, Tarik","Pit",116,486,486,315,13.173,171,13.173,0.5267489711934157,0.4691358024691358,0.00411522633744856
681517,"Leahy, Kyle","Pit",138,29,29,7,13.181,22,13.181,0.3448275862068966,0.6551724137931034,0
622608,"Senzatela, Antonio","Pit",115,58,58,48,13.19,10,13.19,0.603448275862069,0.3793103448275862,0.017241379310344827
663455,"Pilkington, Konnor","Pit",114,20,20,15,13.213,5,13.213,0.7,0.3,0
592866,"Williams, Trevor","Pit",120,1197,1197,773,13.227,424,13.227,0.5488721804511278,0.4469507101086048,0.004177109440267335
593958,"Rodriguez, Eduardo","Pit",116,1056,1056,686,13.245,370,13.245,0.5454545454545454,0.45265151515151514,0.001893939393939394
676979,"Crochet, Garrett","Pit",145,129,129,56,13.27,73,13.27,0.3643410852713178,0.6356589147286822,0
677960,"Weathers, Ryan","Pit",146,492,492,323,13.27,169,13.27,0.540650406504065,0.45934959349593496,0
661527,"Martinez, Seth","Pit",117,358,358,147,13.281,211,13.281,0.33519553072625696,0.6564245810055865,0.008379888268156424
689147,"Kerkering, Orion","Pit",143,31,31,15,13.284,16,13.284,0.5161290322580645,0.4838709677419355,0
690986,"Harrison, Kyle","Pit",137,259,259,167,13.289,92,13.289,0.5366795366795367,0.4594594594594595,0.003861003861003861
665620,"García, Deivi","Pit",145,138,138,59,13.302,79,13.302,0.35507246376811596,0.644927536231884,0
477132,"Kershaw, Clayton","Pit",119,823,823,573,13.302,250,13.302,0.520048602673147,0.4775212636695018,0.002430133657351154
592527,"Mariot, Michael","Pit",113,22,22,16,13.321,6,13.321,0.5,0.5,0
666200,"Luzardo, Jesús","Pit",146,1268,1268,872,13.323,396,13.323,0.639589905362776,0.3588328075709779,0.0015772870662460567
607644,"Means, John","Pit",110,150,150,116,13.325,34,13.325,0.66,0.34,0
543475,"Lyles, Jordan","Pit",118,1255,1255,892,13.339,363,13.339,0.5601593625498008,0.43824701195219123,0.0015936254980079682
668676,"Plesac, Zach","Pit",114,147,147,85,13.346,62,13.346,0.5170068027210885,0.48299319727891155,0
600986,"Vieira, Thyago","Pit",158,12,12,6,13.366,6,13.366,0.4166666666666667,0.5833333333333334,0
674285,"Salazar, Eduardo","Pit",113,122,122,73,13.385,49,13.385,0.45901639344262296,0.5409836065573771,0
660593,"Reyes, Denyi","Pit",121,149,149,85,13.393,64,13.393,0.46308724832214765,0.5369127516778524,0
571882,"Law, Derek","Pit",113,408,408,226,13.409,182,13.409,0.45588235294117646,0.5416666666666666,0.0024509803921568627
689690,"Jacob, Alek","Pit",135,18,18,7,13.41,11,13.41,0.4444444444444444,0.5555555555555556,0
681190,"Vásquez, Randy","Pit",147,288,288,188,13.415,100,13.415,0.4965277777777778,0.5,0.003472222222222222
669461,"Liberatore, Matthew","Pit",138,465,465,277,13.416,188,13.416,0.46881720430107526,0.5225806451612903,0.008602150537634409
641627,"Gott, Trevor","Pit",121,472,472,252,13.421,220,13.421,0.4300847457627119,0.5677966101694916,0.00211864406779661
606625,"Moronta, Reyes","Pit",108,16,16,5,13.423,11,13.423,0.25,0.6875,0.0625
668881,"Greene, Hunter","Pit",113,874,874,564,13.424,310,13.424,0.517162471395881,0.4805491990846682,0.002288329519450801
593833,"Suero, Wander","Pit",119,77,77,47,13.429,30,13.429,0.6493506493506493,0.35064935064935066,0
641743,"Kay, Anthony","Pit",121,94,94,46,13.44,48,13.44,0.32978723404255317,0.6702127659574468,0
605498,"Suárez, Andrew","Pit",138,233,233,164,13.445,69,13.445,0.7081545064377682,0.2918454935622318,0
668984,"Legumina, Casey","Pit",113,115,115,50,13.458,65,13.458,0.3652173913043478,0.6347826086956522,0
518516,"Bumgarner, Madison","Pit",109,167,167,70,13.459,97,13.459,0.41317365269461076,0.5868263473053892,0
650644,"Civale, Aaron","Pit",139,904,904,599,13.461,305,13.461,0.4922566371681416,0.5033185840707964,0.004424778761061947
641927,"Ober, Bailey","Pit",142,944,944,692,13.468,252,13.468,0.5391949152542372,0.4565677966101695,0.00423728813559322
681810,"Warren, Austin","Pit",108,13,13,11,13.47,2,13.47,0.6153846153846154,0.38461538461538464,0
643361,"Herget, Kevin","Pit",113,189,189,127,13.49,62,13.49,0.7566137566137566,0.24338624338624337,0
543521,"McHugh, Collin","Pit",144,465,465,227,13.493,238,13.493,0.3935483870967742,0.6064516129032258,0
676477,"Whitlock, Garrett","Pit",111,503,503,334,13.498,169,13.498,0.5129224652087475,0.4870775347912525,0
608566,"Márquez, Germán","Pit",115,132,132,105,13.505,27,13.505,0.6212121212121212,0.3712121212121212,0.007575757575757576
543101,"DeSclafani, Anthony","Pit",137,715,715,494,13.52,221,13.52,0.5482517482517483,0.45034965034965035,0.0013986013986013986
571948,"Milner, Hoby","Pit",158,529,529,321,13.525,208,13.525,0.6294896030245747,0.3686200378071834,0.001890359168241966
686839,"White, Brendan","Pit",116,281,281,148,13.533,133,13.533,0.5338078291814946,0.4626334519572954,0.0035587188612099642
666157,"Lodolo, Nick","Pit",113,280,280,160,13.562,120,13.562,0.425,0.5642857142857143,0.010714285714285714
608344,"Irvin, Cole","Pit",110,546,546,357,13.565,189,13.565,0.4835164835164835,0.5164835164835165,0
543548,"Milone, Tommy","Pit",136,73,73,53,13.568,20,13.568,0.5068493150684932,0.4931506849315068,0
640444,"Crowe, Wil","Pit",134,76,76,45,13.569,31,13.569,0.47368421052631576,0.5263157894736842,0
622503,"Crismatt, Nabil","Pit",109,108,108,48,13.571,60,13.571,0.4537037037037037,0.5277777777777778,0.018518518518518517
596295,"Gomber, Austin","Pit",115,963,963,595,13.579,368,13.579,0.46625129802699894,0.5327102803738317,0.0010384215991692627
570666,"Cessa, Luis","Pit",113,201,201,113,13.58,88,13.58,0.47761194029850745,0.5174129353233831,0.004975124378109453
680704,"Sandlin, Nick","Pit",114,473,473,277,13.616,196,13.616,0.47357293868921774,0.5264270613107822,0
686752,"Pepiot, Ryan","Pit",119,284,284,206,13.624,78,13.624,0.5669014084507042,0.4225352112676056,0.01056338028169014
571616,"Dermody, Matt","Pit",111,34,34,22,13.625,12,13.625,0.5588235294117647,0.4411764705882353,0
650911,"Sánchez, Cristopher","Pit",143,653,653,458,13.631,195,13.631,0.5114854517611026,0.4869831546707504,0.0015313935681470138
571760,"Heaney, Andrew","Pit",140,1148,1148,717,13.639,431,13.639,0.4738675958188153,0.524390243902439,0.0017421602787456446
694813,"Stone, Gavin","Pit",119,231,231,142,13.657,89,13.657,0.47619047619047616,0.5238095238095238,0
502171,"Cobb, Alex","Pit",137,1154,1154,795,13.668,359,13.668,0.4731369150779896,0.5190641247833622,0.00779896013864818
680735,"Cox, Austin","Pit",118,269,269,166,13.684,103,13.684,0.4423791821561338,0.550185873605948,0.007434944237918215
641778,"Lauer, Eric","Pit",158,375,375,251,13.735,124,13.735,0.44266666666666665,0.5573333333333333,0
663630,"McKenna, Ryan","Pit",110,11,11,3,13.741,8,13.741,0.9090909090909091,0.09090909090909091,0
675989,"Bolton, Cody","Pit",134,221,221,110,13.749,111,13.749,0.4751131221719457,0.5203619909502263,0.004524886877828055
682967,"Sweet, Devin","Pit",133,74,74,42,13.751,32,13.751,0.4594594594594595,0.527027027027027,0.013513513513513514
527048,"Pérez, Martín","Pit",140,1027,1027,640,13.752,387,13.752,0.44790652385589097,0.5511197663096398,0.0009737098344693282
669165,"Hurt, Kyle","Pit",119,9,9,9,13.757,,13.757,0.5555555555555556,0.4444444444444444,0
656557,"Houck, Tanner","Pit",111,806,806,500,13.769,306,13.769,0.43424317617866004,0.56575682382134,0
672851,"Adon, Joan","Pit",120,403,403,249,13.776,154,13.776,0.43672456575682383,0.5583126550868487,0.004962779156327543
678394,"Bello, Brayan","Pit",111,1175,1175,732,13.778,443,13.778,0.45361702127659576,0.5429787234042553,0.003404255319148936
607188,"Faria, Jake","Pit",111,36,36,5,13.779,31,13.779,0.1111111111111111,0.8611111111111112,0.027777777777777776
669854,"Blanco, Ronel","Pit",117,377,377,233,13.791,144,13.791,0.40583554376657827,0.5915119363395226,0.002652519893899204
593334,"Germán, Domingo","Pit",147,686,686,523,13.793,163,13.793,0.532069970845481,0.46647230320699706,0.0014577259475218659
605288,"Houser, Adrian","Pit",158,874,874,538,13.797,336,13.797,0.4279176201372998,0.5675057208237986,0.004576659038901602
641771,"Kuhl, Chad","Pit",120,374,374,208,13.826,166,13.826,0.42245989304812837,0.5721925133689839,0.0053475935828877
605463,"Scott, Tayler","Pit",133,153,153,67,13.828,86,13.828,0.3464052287581699,0.6470588235294118,0.006535947712418301
628452,"Iglesias, Raisel","Pit",144,362,362,252,13.837,110,13.837,0.5386740331491713,0.4585635359116022,0.0027624309392265192
642545,"Barria, Jaime","Pit",108,606,606,359,13.853,247,13.853,0.4389438943894389,0.5577557755775577,0.0033003300330033004
663474,"McKenzie, Triston","Pit",114,127,127,63,13.855,64,13.855,0.31496062992125984,0.6771653543307087,0.007874015748031496
669674,"Long, Sam","Pit",133,334,334,178,13.864,156,13.864,0.38023952095808383,0.6137724550898204,0.005988023952095809
623451,"Stephens, Jackson","Pit",144,100,100,61,13.864,39,13.864,0.43,0.57,0
669105,"Muckenhirn, Zach","Pit",121,44,44,12,13.872,32,13.872,0.25,0.75,0
571578,"Corbin, Patrick","Pit",120,1314,1314,824,13.881,490,13.881,0.439117199391172,0.558599695585997,0.00228310502283105
621107,"Eflin, Zach","Pit",139,1114,1114,807,13.882,307,13.882,0.5368043087971275,0.45960502692998206,0.003590664272890485
640455,"Manaea, Sean","Pit",137,878,878,553,13.884,325,13.884,0.5170842824601367,0.4783599088838269,0.004555808656036446
622663,"Severino, Luis","Pit",147,657,657,431,13.888,226,13.888,0.4657534246575342,0.5296803652968036,0.0045662100456621
663574,"Santillan, Tony","Pit",113,34,34,13,13.892,21,13.892,0.23529411764705882,0.7647058823529411,0
663978,"Paddack, Chris","Pit",142,29,29,16,13.896,13,13.896,0.41379310344827586,0.5862068965517241,0
594943,"Neal, Zach","Pit",133,204,204,111,13.903,93,13.903,0.39215686274509803,0.5980392156862745,0.00980392156862745
641149,"Parsons, Wes","Pit",141,35,35,24,13.904,11,13.904,0.4857142857142857,0.5142857142857142,0
674003,"Bradford, Cody","Pit",140,433,433,269,13.904,164,13.904,0.4341801385681293,0.5612009237875288,0.004618937644341801
686651,"Stoudt, Levi","Pit",113,111,111,61,13.905,50,13.905,0.45045045045045046,0.5495495495495496,0
656849,"Peterson, David","Pit",121,890,890,556,13.913,334,13.913,0.4303370786516854,0.5662921348314607,0.0033707865168539327
607216,"Krehbiel, Joey","Pit",110,44,44,32,13.915,12,13.915,0.5,0.5,0
502179,"Espino, Paolo","Pit",120,53,53,16,13.92,37,13.92,0.20754716981132076,0.7924528301886793,0
630023,"Chirinos, Yonny","Pit",144,583,583,392,13.953,191,13.953,0.4528301886792453,0.5471698113207547,0
572020,"Paxton, James","Pit",111,727,727,473,13.962,254,13.962,0.48005502063273725,0.515818431911967,0.0041265474552957355
621383,"Banks, Tanner","Pit",145,446,446,250,13.968,196,13.968,0.452914798206278,0.5426008968609866,0.004484304932735426
543901,"Weber, Ryan","Pit",147,85,85,44,13.968,41,13.968,0.47058823529411764,0.5294117647058824,0
622766,"Díaz, Miguel","Pit",116,96,96,68,13.969,28,13.969,0.5416666666666666,0.4583333333333333,0
666154,"Kauffmann, Karl","Pit",115,266,266,150,13.979,116,13.979,0.424812030075188,0.575187969924812,0
669456,"Bieber, Shane","Pit",114,873,873,623,13.989,250,13.989,0.47766323024054985,0.5189003436426117,0.003436426116838488
676265,"Abbott, Cory","Pit",120,302,302,167,14.003,135,14.003,0.37748344370860926,0.6158940397350994,0.006622516556291391
656222,"Beeks, Jalen","Pit",139,323,323,171,14.009,152,14.009,0.4458204334365325,0.5479876160990712,0.006191950464396285
690829,"Joyce, Ben","Pit",108,96,96,52,14.012,44,14.012,0.4791666666666667,0.5208333333333334,0
659275,"Lamet, Dinelson","Pit",111,265,265,139,14.023,126,14.023,0.33962264150943394,0.6528301886792452,0.007547169811320755
596057,"Norris, Daniel","Pit",114,118,118,59,14.028,59,14.028,0.3644067796610169,0.635593220338983,0
605441,"Ríos, Yacksel","Pit",133,30,30,8,14.046,22,14.046,0.3,0.7,0
596133,"Weaver, Luke","Pit",147,1026,1026,663,14.047,363,14.047,0.41812865497076024,0.5779727095516569,0.003898635477582846
676775,"Winn, Keaton","Pit",137,239,239,177,14.055,62,14.055,0.5397489539748954,0.4602510460251046,0
680570,"Rodriguez, Grayson","Pit",110,894,894,591,14.059,303,14.059,0.46420581655480986,0.5302013422818792,0.005592841163310962
672582,"Zerpa, Angel","Pit",118,303,303,184,14.061,119,14.061,0.40264026402640263,0.5973597359735974,0
570632,"Ureña, José","Pit",145,341,341,231,14.068,110,14.068,0.4750733137829912,0.5219941348973607,0.002932551319648094
645261,"Alcantara, Sandy","Pit",146,1061,1061,727,14.069,334,14.069,0.4816211121583412,0.5164938737040528,0.001885014137606032
663992,"Lovelady, Richard","Pit",133,175,175,94,14.07,81,14.07,0.4857142857142857,0.5085714285714286,0.005714285714285714
450203,"Morton, Charlie","Pit",144,1361,1361,760,14.074,601,14.074,0.38501102130786186,0.6113152094048494,0.0036737692872887582
663658,"Ward, Thaddeus","Pit",120,357,357,183,14.075,174,14.075,0.37254901960784315,0.6218487394957983,0.0056022408963585435
594798,"deGrom, Jacob","Pit",140,190,190,133,14.085,57,14.085,0.4842105263157895,0.5157894736842106,0
670156,"Mastrobuoni, Miles","Pit",112,9,9,3,14.094,6,14.094,0.8888888888888888,0.1111111111111111,0
670766,"McCaughan, Darren","Pit",136,61,61,39,14.103,22,14.103,0.4098360655737705,0.5901639344262295,0
666129,"Garrett, Braxton","Pit",146,1059,1059,751,14.105,308,14.105,0.45797922568460814,0.5410764872521246,0.0009442870632672333
657006,"Steele, Justin","Pit",112,1096,1096,706,14.115,390,14.115,0.4343065693430657,0.5638686131386861,0.0018248175182481751
605513,"Turnbull, Spencer","Pit",116,253,253,136,14.12,117,14.12,0.37549407114624506,0.6245059288537549,0
676272,"Miller, Bobby","Pit",119,850,850,584,14.128,266,14.128,0.4764705882352941,0.5176470588235295,0.0058823529411764705
672710,"Contreras, Roansy","Pit",134,499,499,322,14.14,177,14.14,0.45090180360721444,0.5470941883767535,0.002004008016032064
665795,"Cabrera, Edward","Pit",146,829,829,480,14.157,349,14.157,0.3956574185765983,0.6019300361881785,0.0024125452352231603
680739,"Winder, Josh","Pit",142,236,236,157,14.161,79,14.161,0.423728813559322,0.576271186440678,0
656793,"Nelson, Nick","Pit",143,25,25,22,14.161,3,14.161,0.44,0.56,0
669084,"Hall, DL","Pit",110,156,156,72,14.169,84,14.169,0.41025641025641024,0.5769230769230769,0.01282051282051282
683175,"Phillips, Connor","Pit",113,173,173,109,14.171,64,14.171,0.4161849710982659,0.5838150289017341,0
607625,"Lugo, Seth","Pit",135,1082,1082,730,14.173,352,14.173,0.466728280961183,0.532347504621072,0.0009242144177449168
657746,"Ryan, Joe","Pit",142,1052,1052,685,14.179,367,14.179,0.502851711026616,0.4923954372623574,0.004752851711026616
624133,"Suárez, Ranger","Pit",143,911,911,589,14.184,322,14.184,0.4226125137211855,0.5718990120746432,0.005488474204171241
664139,"Gibaut, Ian","Pit",113,488,488,273,14.184,215,14.184,0.36885245901639346,0.6229508196721312,0.00819672131147541
593974,"Peralta, Wandy","Pit",147,373,373,270,14.194,103,14.194,0.46648793565683644,0.5308310991957105,0.002680965147453083
656794,"Newcomb, Sean","Pit",133,124,124,72,14.211,52,14.211,0.4274193548387097,0.5725806451612904,0
669270,"Kuhnel, Joel","Pit",117,82,82,39,14.216,43,14.216,0.4024390243902439,0.5975609756097561,0
686218,"Sheehan, Emmet","Pit",119,435,435,312,14.218,123,14.218,0.4666666666666667,0.5333333333333333,0
608334,"Fulmer, Carson","Pit",108,75,75,48,14.228,27,14.228,0.6266666666666667,0.37333333333333335,0
663623,"Irvin, Jake","Pit",120,1024,1024,629,14.249,395,14.249,0.4189453125,0.580078125,0.0009765625
682227,"Williamson, Brandon","Pit",113,881,881,605,14.249,276,14.249,0.4426787741203178,0.5539160045402951,0.00340522133938706
680232,"Wolf, Jackson","Pit",135,34,34,21,14.253,13,14.253,0.38235294117647056,0.6176470588235294,0
663804,"Kowar, Jackson","Pit",118,249,249,138,14.266,111,14.266,0.4578313253012048,0.5381526104417671,0.004016064257028112
669432,"Rogers, Trevor","Pit",146,144,144,82,14.277,62,14.277,0.3611111111111111,0.6388888888888888,0
456501,"Cueto, Johnny","Pit",146,363,363,268,14.279,95,14.279,0.4820936639118457,0.5151515151515151,0.0027548209366391185
681892,"Funderburk, Kody","Pit",142,86,86,44,14.282,42,14.282,0.5348837209302325,0.46511627906976744,0
608328,"De Jong, Chase","Pit",134,99,99,44,14.292,55,14.292,0.37373737373737376,0.6262626262626263,0
548389,"Stripling, Ross","Pit",137,653,653,441,14.294,212,14.294,0.44104134762633995,0.55895865237366,0
596271,"Lawrence, Casey","Pit",138,214,214,99,14.301,115,14.301,0.3317757009345794,0.6682242990654206,0
650895,"Castillo, Diego","Pit",136,64,64,36,14.303,28,14.303,0.421875,0.578125,0
671111,"Peralta, Sammy","Pit",145,181,181,103,14.314,78,14.314,0.5248618784530387,0.47513812154696133,0
543594,"Nolin, Sean","Pit",146,25,25,14,14.315,11,14.315,0.4,0.6,0
656814,"Ortiz, Luis F.","Pit",143,133,133,67,14.315,66,14.315,0.3233082706766917,0.6691729323308271,0.007518796992481203
681806,"Wantz, Andrew","Pit",108,290,290,185,14.318,105,14.318,0.4068965517241379,0.5896551724137931,0.0034482758620689655
621366,"Borucki, Ryan","Pit",134,207,207,136,14.33,71,14.33,0.5314009661835749,0.463768115942029,0.004830917874396135
669684,"Murphy, Chris","Pit",111,398,398,244,14.33,154,14.33,0.4221105527638191,0.5728643216080402,0.005025125628140704
681857,"Olson, Reese","Pit",116,816,816,570,14.338,246,14.338,0.4534313725490196,0.5453431372549019,0.0012254901960784314
668970,"Hollowell, Gavin","Pit",115,275,275,145,14.34,130,14.34,0.36727272727272725,0.6327272727272727,0
605218,"Edwards Jr., Carl","Pit",120,257,257,113,14.343,144,14.343,0.26459143968871596,0.7354085603112841,0
641427,"Busenitz, Alan","Pit",113,42,42,22,14.352,20,14.352,0.42857142857142855,0.5714285714285714,0
641816,"Mahle, Tyler","Pit",142,203,203,138,14.354,65,14.354,0.3842364532019704,0.6108374384236454,0.0049261083743842365
592254,"De León, José","Pit",142,130,130,78,14.356,52,14.356,0.46923076923076923,0.5307692307692308,0
671131,"Rutledge, Jackson","Pit",120,157,157,96,14.361,61,14.361,0.3375796178343949,0.6560509554140127,0.006369426751592357
671096,"Abbott, Andrew","Pit",113,845,845,552,14.385,293,14.385,0.41420118343195267,0.5834319526627219,0.002366863905325444
663556,"McClanahan, Shane","Pit",139,747,747,512,14.386,235,14.386,0.48326639892904955,0.5153949129852744,0.0013386880856760374
656290,"Carlton, Drew","Pit",135,144,144,85,14.408,59,14.408,0.4236111111111111,0.5625,0.013888888888888888
641712,"Hudson, Dakota","Pit",138,579,579,365,14.415,214,14.415,0.38341968911917096,0.6079447322970639,0.008635578583765112
621294,"Heller, Ben","Pit",144,135,135,74,14.415,61,14.415,0.42962962962962964,0.562962962962963,0.007407407407407408
669212,"Morgan, Eli","Pit",114,491,491,299,14.437,192,14.437,0.3604887983706721,0.6334012219959266,0.006109979633401222
642239,"Zastryzny, Rob","Pit",134,167,167,78,14.443,89,14.443,0.32934131736526945,0.6646706586826348,0.005988023952095809
665001,"Kelley, Trevor","Pit",139,140,140,94,14.447,46,14.447,0.4642857142857143,0.5214285714285715,0.014285714285714285
657612,"Hill, Tim","Pit",135,320,320,180,14.448,140,14.448,0.571875,0.421875,0.00625
669724,"Hanifee, Brenan","Pit",116,40,40,21,14.452,19,14.452,0.375,0.625,0
608379,"Wacha, Michael","Pit",135,994,994,652,14.459,342,14.459,0.38832997987927564,0.6106639839034205,0.001006036217303823
669160,"May, Dustin","Pit",119,325,325,209,14.469,116,14.469,0.4338461538461538,0.556923076923077,0.009230769230769232
667427,"Jackson, Zach","Pit",133,182,182,77,14.47,105,14.47,0.32967032967032966,0.6483516483516484,0.02197802197802198
641835,"Mayza, Tim","Pit",141,389,389,228,14.48,161,14.48,0.38046272493573263,0.6195372750642674,0
643256,"Cimber, Adam","Pit",141,173,173,106,14.499,67,14.499,0.4046242774566474,0.5953757225433526,0
668834,"McGee, Easton","Pit",136,28,28,25,14.511,3,14.511,0.5357142857142857,0.4642857142857143,0
689167,"Lindgren, Jeff","Pit",146,47,47,31,14.514,16,14.514,0.3829787234042553,0.6170212765957447,0
605151,"Bradley, Archie","Pit",146,67,67,30,14.526,37,14.526,0.2537313432835821,0.7313432835820896,0.014925373134328358
669459,"Nelson, Kyle","Pit",109,351,351,234,14.527,117,14.527,0.43874643874643876,0.5498575498575499,0.011396011396011397
657053,"Toussaint, Touki","Pit",145,769,769,463,14.543,306,14.543,0.37711313394018203,0.6228868660598179,0
669060,"Wilson, Bryse","Pit",158,498,498,299,14.573,199,14.573,0.3453815261044177,0.6506024096385542,0.004016064257028112
605397,"Musgrove, Joe","Pit",135,677,677,445,14.579,232,14.579,0.39438700147710487,0.6011816838995568,0.004431314623338257
661383,"Ortega, Oliver","Pit",142,100,100,68,14.594,32,14.594,0.41,0.59,0
605200,"Davies, Zach","Pit",109,767,767,465,14.617,302,14.617,0.36897001303780963,0.6284224250325945,0.002607561929595828
657376,"Schmidt, Clarke","Pit",147,1217,1217,777,14.617,440,14.617,0.3541495480690222,0.6409202958093673,0.0049301561216105174
543859,"Tonkin, Michael","Pit",144,547,547,338,14.632,209,14.632,0.36380255941499084,0.6307129798903108,0.005484460694698354
667463,"King, John","Pit",138,234,234,129,14.635,105,14.635,0.41025641025641024,0.5897435897435898,0
592741,"Shreve, Chasen","Pit",113,323,323,207,14.637,116,14.637,0.4086687306501548,0.5851393188854489,0.006191950464396285
666364,"Balazovic, Jordan","Pit",142,170,170,92,14.641,78,14.641,0.3411764705882353,0.6529411764705882,0.0058823529411764705
488984,"Hunter, Tommy","Pit",121,155,155,102,14.661,53,14.661,0.43870967741935485,0.5483870967741935,0.012903225806451613
592791,"Taillon, Jameson","Pit",112,1092,1092,724,14.661,368,14.661,0.38278388278388276,0.6144688644688645,0.0027472527472527475
670046,"Rosenberg, Kenny","Pit",108,235,235,146,14.663,89,14.663,0.3659574468085106,0.6297872340425532,0.00425531914893617
676130,"Butto, José","Pit",121,334,334,210,14.68,124,14.68,0.3592814371257485,0.6377245508982036,0.0029940119760479044
622075,"Almonte, Yency","Pit",119,383,383,224,14.683,159,14.683,0.3968668407310705,0.6031331592689295,0
624522,"Thompson, Keegan","Pit",112,223,223,130,14.693,93,14.693,0.3094170403587444,0.6860986547085202,0.004484304932735426
642547,"Peralta, Freddy","Pit",158,1262,1262,861,14.698,401,14.698,0.3795562599049128,0.6188589540412044,0.001584786053882726
681982,"Anderson, Grant","Pit",140,291,291,168,14.704,123,14.704,0.30584192439862545,0.6941580756013745,0
668868,"Thompson, Zack","Pit",138,562,562,361,14.71,201,14.71,0.38434163701067614,0.6103202846975089,0.005338078291814947
656271,"Burke, Brock","Pit",140,349,349,214,14.719,135,14.719,0.34097421203438394,0.6561604584527221,0.0028653295128939827
547179,"Lorenzen, Michael","Pit",143,1028,1028,678,14.728,350,14.728,0.42509727626459143,0.5749027237354085,0
642546,"Hernández, Jonathan","Pit",140,261,261,134,14.731,127,14.731,0.32950191570881227,0.6666666666666666,0.0038314176245210726
542881,"Anderson, Tyler","Pit",108,987,987,614,14.735,373,14.735,0.3738601823708207,0.6210739614994935,0.005065856129685917
669391,"White, Owen","Pit",140,28,28,20,14.736,8,14.736,0.39285714285714285,0.6071428571428571,0
656641,"Latz, Jake","Pit",140,43,43,20,14.744,23,14.744,0.46511627906976744,0.5348837209302325,0
607237,"Garrett, Amir","Pit",118,224,224,101,14.75,123,14.75,0.39732142857142855,0.5892857142857143,0.013392857142857142
656232,"Bielak, Brandon","Pit",117,635,635,389,14.75,246,14.75,0.38110236220472443,0.6188976377952756,0
641793,"Littell, Zack","Pit",139,550,550,373,14.752,177,14.752,0.4018181818181818,0.5945454545454546,0.0036363636363636364
608648,"Duffey, Tyler","Pit",112,16,16,16,14.754,,14.754,0.6875,0.3125,0
476595,"Luetge, Lucas","Pit",144,119,119,69,14.757,50,14.757,0.3277310924369748,0.6722689075630253,0
623149,"Sewald, Paul","Pit",109,435,435,259,14.757,176,14.757,0.35402298850574715,0.6436781609195402,0.0022988505747126436
669169,"Heasley, Jonathan","Pit",118,92,92,65,14.758,27,14.758,0.3695652173913043,0.6304347826086957,0
592222,"Claudio, Alex","Pit",158,1,1,1,14.758,,14.758,1,0,0
665048,"Harris, Hobie","Pit",120,162,162,83,14.76,79,14.76,0.32098765432098764,0.6790123456790124,0
666745,"Brito, Jhony","Pit",147,643,643,440,14.767,203,14.767,0.37636080870917576,0.6236391912908242,0
629498,"Quezada, Johan","Pit",146,17,17,2,14.77,15,14.77,0.11764705882352941,0.8823529411764706,0
677020,"Walker, Josh","Pit",121,98,98,62,14.776,36,14.776,0.35714285714285715,0.6428571428571429,0
643511,"Rogers, Tyler","Pit",137,485,485,306,14.783,179,14.783,0.36907216494845363,0.6247422680412371,0.006185567010309278
595928,"Curtiss, John","Pit",121,134,134,94,14.787,40,14.787,0.3880597014925373,0.6044776119402985,0.007462686567164179
681402,"Varland, Gus","Pit",119,167,167,98,14.788,69,14.788,0.38323353293413176,0.6167664670658682,0
641302,"Alexander, Tyler","Pit",116,303,303,201,14.792,102,14.792,0.40924092409240925,0.5874587458745875,0.0033003300330033004
686539,"Cronin, Declan","Pit",145,90,90,48,14.803,42,14.803,0.35555555555555557,0.6444444444444445,0
606303,"Payamps, Joel","Pit",158,508,508,336,14.809,172,14.809,0.42913385826771655,0.5688976377952756,0.001968503937007874
685107,"Veneziano, Anthony","Pit",118,25,25,14,14.818,11,14.818,0.32,0.68,0
686972,"Waites, Cole","Pit",137,22,22,9,14.822,13,14.822,0.22727272727272727,0.7727272727272727,0
657514,"Bernardino, Brennan","Pit",111,431,431,253,14.83,178,14.83,0.37122969837587005,0.62877030162413,0
664849,"Young, Danny","Pit",144,66,66,39,14.832,27,14.832,0.36363636363636365,0.6363636363636364,0
573186,"Stroman, Marcus","Pit",112,1004,1004,660,14.836,344,14.836,0.3565737051792829,0.6434262948207171,0
666159,"Manning, Matt","Pit",116,545,545,383,14.842,162,14.842,0.3871559633027523,0.6091743119266055,0.003669724770642202
688427,"Ingram, Kolton","Pit",108,48,48,26,14.843,22,14.843,0.375,0.625,0
666142,"Ragans, Cole","Pit",118,665,665,408,14.843,257,14.843,0.3368421052631579,0.6631578947368421,0
656818,"Overton, Connor","Pit",113,88,88,53,14.851,35,14.851,0.3409090909090909,0.6590909090909091,0
607536,"Freeland, Kyle","Pit",115,1032,1032,676,14.853,356,14.853,0.3498062015503876,0.6443798449612403,0.005813953488372093
622772,"Cordero, Jimmy","Pit",147,221,221,139,14.865,82,14.865,0.3438914027149321,0.6561085972850679,0
657508,"Baumann, Mike","Pit",110,446,446,242,14.869,204,14.869,0.34080717488789236,0.647982062780269,0.011210762331838564
543037,"Cole, Gerrit","Pit",147,1388,1388,992,14.873,396,14.873,0.3861671469740634,0.6087896253602305,0.005043227665706052
663462,"Campbell, Isaiah","Pit",136,211,211,103,14.877,108,14.877,0.33175355450236965,0.6587677725118484,0.009478672985781991
657093,"Watkins, Spenser","Pit",133,39,39,29,14.881,10,14.881,0.38461538461538464,0.6153846153846154,0
656412,"Faedo, Alex","Pit",116,463,463,340,14.885,123,14.885,0.3801295896328294,0.6198704103671706,0
670912,"Oviedo, Johan","Pit",134,1356,1356,841,14.885,515,14.885,0.32890855457227136,0.6644542772861357,0.00663716814159292
548384,"Raley, Brooks","Pit",121,467,467,274,14.893,193,14.893,0.3576017130620985,0.6381156316916489,0.004282655246252677
502083,"McAllister, Zach","Pit",147,46,46,24,14.894,22,14.894,0.30434782608695654,0.6956521739130435,0
607359,"Patton, Spencer","Pit",133,97,97,67,14.895,30,14.895,0.3711340206185567,0.6082474226804123,0.020618556701030927
666205,"Muller, Kyle","Pit",133,615,615,386,14.905,229,14.905,0.34308943089430893,0.656910569105691,0
687922,"Lucas, Easton","Pit",133,69,69,28,14.906,41,14.906,0.2028985507246377,0.782608695652174,0.014492753623188406
680573,"Woods Richardson, Simeon","Pit",142,41,41,23,14.908,18,14.908,0.2926829268292683,0.7073170731707317,0
676534,"Faucher, Calvin","Pit",139,220,220,138,14.916,82,14.916,0.4090909090909091,0.5863636363636363,0.004545454545454545
666720,"Rodríguez, Yerry","Pit",140,123,123,62,14.916,61,14.916,0.2601626016260163,0.7398373983739838,0
641401,"Brogdon, Connor","Pit",143,240,240,127,14.923,113,14.923,0.325,0.65,0.025
656629,"Kopech, Michael","Pit",145,1108,1108,698,14.928,410,14.928,0.3231046931407942,0.6723826714801444,0.004512635379061372
682052,"Lopez, Jacob","Pit",139,86,86,54,14.932,32,14.932,0.38372093023255816,0.6162790697674418,0
657265,"Strzelecki, Peter","Pit",109,307,307,208,14.933,99,14.933,0.38436482084690554,0.6123778501628665,0.003257328990228013
613534,"Adams, Austin","Pit",109,165,165,81,14.935,84,14.935,0.3151515151515151,0.6787878787878788,0.006060606060606061
669424,"Lambert, Jimmy","Pit",145,307,307,193,14.943,114,14.943,0.3713355048859935,0.6254071661237784,0.003257328990228013
664776,"Cousins, Jake","Pit",158,104,104,53,14.96,51,14.96,0.3269230769230769,0.6634615384615384,0.009615384615384616
669194,"Nelson, Ryne","Pit",109,1020,1020,632,14.96,388,14.96,0.3176470588235294,0.6784313725490196,0.00392156862745098
660761,"Suarez, José","Pit",108,264,264,145,14.969,119,14.969,0.3068181818181818,0.6931818181818182,0
663372,"Feltner, Ryan","Pit",115,359,359,192,14.971,167,14.971,0.3008356545961003,0.6852367688022284,0.013927576601671309
676684,"Vest, Will","Pit",116,338,338,224,14.982,114,14.982,0.35798816568047337,0.6420118343195266,0
680742,"Bowlan, Jonathan","Pit",118,20,20,12,14.987,8,14.987,0.3,0.7,0
598286,"Ramirez, Nick","Pit",147,303,303,170,14.987,133,14.987,0.3432343234323432,0.6468646864686468,0.009900990099009901
547184,"Kelly, Michael","Pit",114,122,122,72,14.997,50,14.997,0.36885245901639346,0.6229508196721312,0.00819672131147541
686753,"Jameson, Drey","Pit",109,321,321,203,15.004,118,15.004,0.3115264797507788,0.6853582554517134,0.003115264797507788
669713,"Wesneski, Hayden","Pit",112,689,689,458,15.005,231,15.005,0.33381712626995647,0.6647314949201741,0.001451378809869376
608032,"Estévez, Carlos","Pit",108,450,450,243,15.006,207,15.006,0.32,0.68,0
446372,"Kluber, Corey","Pit",111,431,431,266,15.012,165,15.012,0.3062645011600928,0.6890951276102089,0.004640371229698376
623433,"Anderson, Nick","Pit",144,239,239,140,15.018,99,15.018,0.3472803347280335,0.6443514644351465,0.008368200836820083
471911,"Carrasco, Carlos","Pit",121,718,718,433,15.021,285,15.021,0.3328690807799443,0.6643454038997214,0.002785515320334262
695243,"Miller, Mason","Pit",133,266,266,179,15.035,87,15.035,0.3383458646616541,0.6578947368421053,0.0037593984962406013
666619,"Santos, Gregory","Pit",145,439,439,219,15.036,220,15.036,0.31890660592255127,0.6742596810933941,0.00683371298405467
623211,"Brazoban, Huascar","Pit",146,422,422,233,15.043,189,15.043,0.3009478672985782,0.6895734597156398,0.009478672985781991
657424,"Gage, Matt","Pit",117,60,60,34,15.047,26,15.047,0.26666666666666666,0.7333333333333333,0
621249,"Underwood Jr., Duane","Pit",134,146,146,89,15.049,57,15.049,0.3561643835616438,0.6438356164383562,0
673858,"Wong, Jake","Pit",113,27,27,7,15.053,20,15.053,0.1111111111111111,0.8888888888888888,0
669438,"Englert, Mason","Pit",116,396,396,230,15.053,166,15.053,0.28535353535353536,0.7121212121212122,0.0025252525252525255
664744,"Espada, Jose","Pit",135,13,13,3,15.057,10,15.057,0.15384615384615385,0.8461538461538461,0
547943,"Ryu, Hyun Jin","Pit",141,370,370,228,15.067,142,15.067,0.2972972972972973,0.7027027027027027,0
682120,"Herrin, Tim","Pit",114,222,222,119,15.07,103,15.07,0.2747747747747748,0.7252252252252253,0
621057,"Garza, Justin","Pit",111,163,163,87,15.075,76,15.075,0.3006134969325153,0.6932515337423313,0.006134969325153374
696147,"Bachman, Sam","Pit",108,145,145,67,15.084,78,15.084,0.21379310344827587,0.7862068965517242,0
656353,"Davidson, Tucker","Pit",118,368,368,183,15.09,185,15.09,0.23641304347826086,0.7635869565217391,0
666168,"Thompson, Mason","Pit",120,418,418,229,15.099,189,15.099,0.2607655502392344,0.7344497607655502,0.004784688995215311
669387,"Mlodzinski, Carmen","Pit",134,283,283,170,15.102,113,15.102,0.31095406360424027,0.6890459363957597,0
621016,"Cuas, Jose","Pit",112,537,537,228,15.113,309,15.113,0.25884543761638734,0.7337057728119181,0.0074487895716946
518876,"Kelly, Merrill","Pit",109,1172,1172,818,15.117,354,15.117,0.33447098976109213,0.6638225255972696,0.0017064846416382253
650671,"Quijada, José","Pit",108,70,70,49,15.117,21,15.117,0.37142857142857144,0.6142857142857143,0.014285714285714285
665622,"Medina, Luis","Pit",133,858,858,540,15.118,318,15.118,0.3135198135198135,0.6853146853146853,0.0011655011655011655
672730,"Then, Juan","Pit",136,85,85,51,15.118,34,15.118,0.25882352941176473,0.7294117647058823,0.011764705882352941
612434,"Castro, Miguel","Pit",109,483,483,301,15.121,182,15.121,0.37888198757763975,0.6190476190476191,0.002070393374741201
677944,"Cecconi, Slade","Pit",109,186,186,137,15.127,49,15.127,0.34408602150537637,0.6505376344086021,0.005376344086021506
554430,"Wheeler, Zack","Pit",143,1355,1355,940,15.129,415,15.129,0.33210332103321033,0.6634686346863469,0.004428044280442804
642578,"Rodríguez, José","Pit",136,19,19,12,15.139,7,15.139,0.3684210526315789,0.631578947368421,0
572888,"Greene, Shane","Pit",112,25,25,12,15.14,13,15.14,0.2,0.8,0
592229,"Covey, Dylan","Pit",143,333,333,204,15.149,129,15.149,0.2672672672672673,0.7327327327327328,0
620454,"Castillo, José","Pit",135,13,13,5,15.159,8,15.159,0.5384615384615384,0.46153846153846156,0
641672,"Hatch, Thomas","Pit",134,191,191,103,15.159,88,15.159,0.24607329842931938,0.7539267015706806,0
676710,"Crawford, Kutter","Pit",111,868,868,540,15.164,328,15.164,0.2926267281105991,0.706221198156682,0.001152073732718894
643338,"Green, Chad","Pit",141,73,73,43,15.166,30,15.166,0.273972602739726,0.726027397260274,0
642397,"Soto, Gregory","Pit",143,427,427,255,15.167,172,15.167,0.3583138173302108,0.639344262295082,0.00234192037470726
671737,"Bradley, Taj","Pit",139,753,753,485,15.169,268,15.169,0.28818061088977426,0.7051792828685259,0.006640106241699867
663362,"Waldron, Matt","Pit",135,305,305,215,15.175,90,15.175,0.33114754098360655,0.6622950819672131,0.006557377049180328
666721,"Castillo, Max","Pit",118,151,151,84,15.175,67,15.175,0.271523178807947,0.7284768211920529,0
675911,"Strider, Spencer","Pit",144,1195,1195,785,15.188,410,15.188,0.30962343096234307,0.6853556485355649,0.00502092050209205
519242,"Sale, Chris","Pit",111,756,756,502,15.191,254,15.191,0.30687830687830686,0.6917989417989417,0.0013227513227513227
656970,"Smeltzer, Devin","Pit",146,161,161,94,15.202,67,15.202,0.2608695652173913,0.7391304347826086,0
679346,"Navarro, Edgar","Pit",145,69,69,37,15.203,32,15.203,0.2318840579710145,0.7681159420289855,0
667755,"Soriano, José","Pit",108,301,301,165,15.203,136,15.203,0.2691029900332226,0.717607973421927,0.013289036544850499
687330,"Kelly, Kevin","Pit",139,522,522,284,15.216,238,15.216,0.2777777777777778,0.7164750957854407,0.005747126436781609
643493,"Pruitt, Austin","Pit",133,329,329,187,15.219,142,15.219,0.24924012158054712,0.7416413373860182,0.00911854103343465
650496,"Mejía, J.C.","Pit",158,98,98,48,15.227,50,15.227,0.3469387755102041,0.6326530612244898,0.02040816326530612
663752,"Morris, Cody","Pit",114,72,72,48,15.228,24,15.228,0.3055555555555556,0.6944444444444444,0
592767,"Smyly, Drew","Pit",112,1050,1050,691,15.228,359,15.228,0.31238095238095237,0.6847619047619048,0.002857142857142857
663765,"Woodford, Jake","Pit",138,458,458,274,15.229,184,15.229,0.27510917030567683,0.722707423580786,0.002183406113537118
658648,"Avila, Pedro","Pit",135,394,394,277,15.231,117,15.231,0.32741116751269034,0.6700507614213198,0.0025380710659898475
542947,"Bleier, Richard","Pit",111,177,177,101,15.242,76,15.242,0.3446327683615819,0.6497175141242938,0.005649717514124294
670124,"Oller, Adam","Pit",133,198,198,114,15.253,84,15.253,0.31313131313131315,0.6868686868686869,0
677053,"Nardi, Andrew","Pit",146,406,406,230,15.256,176,15.256,0.30295566502463056,0.6945812807881774,0.0024630541871921183
621074,"Rucker, Michael","Pit",112,341,341,208,15.263,133,15.263,0.35777126099706746,0.6422287390029325,0
676050,"Naughton, Packy","Pit",138,36,36,27,15.263,9,15.263,0.3611111111111111,0.6388888888888888,0
664353,"Urquidy, José","Pit",117,447,447,288,15.264,159,15.264,0.30201342281879195,0.697986577181208,0
573124,"Rogers, Taylor","Pit",137,389,389,208,15.266,181,15.266,0.2467866323907455,0.7480719794344473,0.005141388174807198
668665,"Nogosek, Stephen","Pit",121,225,225,123,15.268,102,15.268,0.3111111111111111,0.68,0.008888888888888889
573009,"Mantiply, Joe","Pit",109,255,255,165,15.278,90,15.278,0.2823529411764706,0.7137254901960784,0.00392156862745098
681882,"Selby, Colin","Pit",134,201,201,123,15.279,78,15.279,0.27860696517412936,0.7164179104477612,0.004975124378109453
700363,"Smith-Shawver, AJ","Pit",144,202,202,150,15.28,52,15.28,0.3613861386138614,0.6386138613861386,0
669302,"Gilbert, Logan","Pit",136,1191,1191,864,15.286,327,15.286,0.3333333333333333,0.6624685138539043,0.0041981528127623844
592789,"Syndergaard, Noah","Pit",114,613,613,416,15.287,197,15.287,0.28548123980424145,0.7128874388254486,0.0016313213703099511
661440,"Llovera, Mauricio","Pit",111,295,295,158,15.287,137,15.287,0.23389830508474577,0.7627118644067796,0.003389830508474576
676254,"Walker, Ryan","Pit",137,497,497,300,15.306,197,15.306,0.2655935613682093,0.7243460764587525,0.01006036217303823
664129,"Hartlieb, Geoff","Pit",146,29,29,15,15.309,14,15.309,0.3448275862068966,0.6551724137931034,0
691587,"Pérez, Eury","Pit",146,633,633,447,15.31,186,15.31,0.3127962085308057,0.684044233807267,0.00315955766192733
677865,"Bruihl, Justin","Pit",115,193,193,98,15.314,95,15.314,0.24870466321243523,0.7461139896373057,0.0051813471502590676
458681,"Lynn, Lance","Pit",119,1372,1372,872,15.326,500,15.326,0.2755102040816326,0.7237609329446064,0.0007288629737609329
614179,"Ruiz, José","Pit",109,367,367,196,15.342,171,15.342,0.3405994550408719,0.6566757493188011,0.0027247956403269754
542914,"Bass, Anthony","Pit",141,142,142,84,15.348,58,15.348,0.28169014084507044,0.7183098591549296,0
656464,"Ginkel, Kevin","Pit",109,462,462,330,15.353,132,15.353,0.31385281385281383,0.6818181818181818,0.004329004329004329
670059,"Holderman, Colin","Pit",134,398,398,208,15.354,190,15.354,0.2537688442211055,0.7462311557788944,0
680723,"Rom, Drew","Pit",138,325,325,158,15.357,167,15.357,0.19076923076923077,0.8061538461538461,0.003076923076923077
623352,"Hader, Josh","Pit",135,448,448,265,15.363,183,15.363,0.34598214285714285,0.6517857142857143,0.002232142857142857
670950,"Richards, Trevor","Pit",141,587,587,402,15.364,185,15.364,0.30664395229982966,0.6882453151618398,0.005110732538330494
676440,"Bibee, Tanner","Pit",114,1035,1035,671,15.372,364,15.372,0.2792270531400966,0.714975845410628,0.005797101449275362
519008,"McFarland, T.J.","Pit",121,26,26,16,15.394,10,15.394,0.3076923076923077,0.6923076923076923,0
666374,"Brash, Matt","Pit",136,593,593,280,15.396,313,15.396,0.26138279932546377,0.7352445193929174,0.003372681281618887
672282,"Detmers, Reid","Pit",108,1098,1098,716,15.398,382,15.398,0.2777777777777778,0.7185792349726776,0.0036429872495446266
686654,"Adcock, Ty","Pit",136,77,77,61,15.401,16,15.401,0.2727272727272727,0.7272727272727273,0
607455,"Banda, Anthony","Pit",120,64,64,28,15.412,36,15.412,0.1875,0.8125,0
687798,"Robertson, Nick","Pit",111,161,161,88,15.425,73,15.425,0.2670807453416149,0.7329192546583851,0
656638,"Lange, Alex","Pit",116,510,510,260,15.436,250,15.436,0.26862745098039215,0.7254901960784313,0.0058823529411764705
675627,"Grove, Michael","Pit",119,461,461,295,15.448,166,15.448,0.2646420824295011,0.7288503253796096,0.006507592190889371
606965,"Devenski, Chris","Pit",139,294,294,171,15.453,123,15.453,0.25170068027210885,0.7414965986394558,0.006802721088435374
623437,"Topa, Justin","Pit",136,472,472,256,15.455,216,15.455,0.19491525423728814,0.8008474576271186,0.00423728813559322
663704,"McArthur, James","Pit",118,162,162,96,15.458,66,15.458,0.24074074074074073,0.7592592592592593,0
672578,"Hernández, Carlos","Pit",118,504,504,318,15.473,186,15.473,0.3353174603174603,0.6547619047619048,0.00992063492063492
425794,"Wainwright, Adam","Pit",138,900,900,518,15.474,382,15.474,0.27,0.7233333333333334,0.006666666666666667
674681,"Plassmeyer, Michael","Pit",143,31,31,16,15.475,15,15.475,0.1935483870967742,0.7741935483870968,0.03225806451612903
607192,"Glasnow, Tyler","Pit",139,783,783,557,15.484,226,15.484,0.32567049808429116,0.6666666666666666,0.007662835249042145
663465,"Allard, Kolby","Pit",144,88,88,57,15.487,31,15.487,0.23863636363636365,0.7613636363636364,0
622554,"Domínguez, Seranthony","Pit",143,340,340,183,15.488,157,15.488,0.2647058823529412,0.7323529411764705,0.0029411764705882353
668873,"Kilian, Caleb","Pit",112,55,55,15,15.492,40,15.492,0.10909090909090909,0.8909090909090909,0
608665,"Graveman, Kendall","Pit",117,512,512,299,15.503,213,15.503,0.275390625,0.716796875,0.0078125
572403,"VerHagen, Drew","Pit",138,465,465,252,15.507,213,15.507,0.26881720430107525,0.7290322580645161,0.002150537634408602
663559,"Falter, Bailey","Pit",134,556,556,369,15.51,187,15.51,0.2733812949640288,0.7248201438848921,0.0017985611510791368
668338,"Miller, Tyson","Pit",119,96,96,60,15.519,36,15.519,0.2604166666666667,0.7291666666666666,0.010416666666666666
683155,"Estes, Joey","Pit",133,63,63,36,15.525,27,15.525,0.20634920634920634,0.7936507936507936,0
641585,"France, J.P.","Pit",117,1031,1031,654,15.53,377,15.53,0.24248302618816683,0.7565470417070805,0.0009699321047526673
663947,"Holton, Tyler","Pit",116,526,526,374,15.539,152,15.539,0.26806083650190116,0.7319391634980988,0
641703,"Honeywell, Brent","Pit",145,401,401,233,15.542,168,15.542,0.256857855361596,0.743142144638404,0
621244,"Berríos, José","Pit",141,1331,1331,878,15.547,453,15.547,0.26746806912096166,0.724267468069121,0.008264462809917356
656427,"Flaherty, Jack","Pit",110,1215,1215,699,15.549,516,15.549,0.23292181069958848,0.7654320987654321,0.0016460905349794238
686730,"Spiers, Carson","Pit",113,126,126,59,15.556,67,15.556,0.18253968253968253,0.8095238095238095,0.007936507936507936
656302,"Cease, Dylan","Pit",145,1378,1378,883,15.569,495,15.569,0.2590711175616836,0.7358490566037735,0.0050798258345428155
543135,"Eovaldi, Nathan","Pit",140,986,986,662,15.572,324,15.572,0.3093306288032454,0.6896551724137931,0.0010141987829614604
676083,"Junk, Janson","Pit",158,40,40,22,15.574,18,15.574,0.25,0.75,0
669796,"Hernandez, Jose","Pit",134,400,400,258,15.584,142,15.584,0.2625,0.73,0.0075
622259,"Wingenter, Trey","Pit",116,127,127,68,15.602,59,15.602,0.1889763779527559,0.8110236220472441,0
664208,"Maton, Phil","Pit",117,443,443,219,15.602,224,15.602,0.17607223476297967,0.8239277652370203,0
592426,"Jackson, Luke","Pit",137,192,192,121,15.606,71,15.606,0.23958333333333334,0.75,0.010416666666666666
608331,"Fried, Max","Pit",144,562,562,401,15.606,161,15.606,0.2900355871886121,0.702846975088968,0.0071174377224199285
641729,"Jiménez, Joe","Pit",144,376,376,250,15.611,126,15.611,0.28191489361702127,0.7127659574468085,0.005319148936170213
663485,"Sands, Cole","Pit",142,193,193,114,15.612,79,15.612,0.22279792746113988,0.7772020725388601,0
668678,"Gallen, Zac","Pit",109,1399,1399,982,15.622,417,15.622,0.2666190135811294,0.7269478198713367,0.006433166547533953
663878,"Pearson, Nate","Pit",141,346,346,190,15.632,156,15.632,0.18786127167630057,0.8063583815028902,0.005780346820809248
500779,"Quintana, José","Pit",121,543,543,351,15.639,192,15.639,0.23756906077348067,0.7550644567219152,0.007366482504604052
673111,"Lopez, José","Pit",139,26,26,18,15.649,8,15.649,0.07692307692307693,0.9230769230769231,0
650960,"Duarte, Daniel","Pit",113,247,247,136,15.66,111,15.66,0.13360323886639677,0.8663967611336032,0
679525,"Marsh, Alec","Pit",118,595,595,355,15.66,240,15.66,0.23865546218487396,0.7478991596638656,0.013445378151260505
681217,"Silseth, Chase","Pit",108,413,413,300,15.677,113,15.677,0.29782082324455206,0.6997578692493946,0.002421307506053269
656234,"Bird, Jake","Pit",115,626,626,343,15.686,283,15.686,0.1900958466453674,0.8067092651757188,0.003194888178913738
678606,"Ferrer, Jose A.","Pit",120,251,251,154,15.687,97,15.687,0.30677290836653387,0.6852589641434262,0.00796812749003984
666818,"Frías, Luis","Pit",109,224,224,116,15.688,108,15.688,0.2544642857142857,0.7410714285714286,0.004464285714285714
670174,"Winckowski, Josh","Pit",111,592,592,335,15.696,257,15.696,0.21283783783783783,0.7837837837837838,0.0033783783783783786
622098,"Smith, Drew","Pit",121,485,485,240,15.698,245,15.698,0.21855670103092784,0.777319587628866,0.004123711340206186
661395,"Duran, Jhoan","Pit",142,376,376,197,15.7,179,15.7,0.2074468085106383,0.773936170212766,0.018617021276595744
668933,"Ashcraft, Graham","Pit",113,1016,1016,642,15.702,374,15.702,0.2421259842519685,0.7519685039370079,0.005905511811023622
656457,"Gilbert, Tyler","Pit",109,113,113,74,15.704,39,15.704,0.23008849557522124,0.7699115044247787,0
685314,"Saalfrank, Andrew","Pit",109,53,53,24,15.709,29,15.709,0.18867924528301888,0.7924528301886793,0.018867924528301886
592351,"Gray, Jon","Pit",140,968,968,629,15.727,339,15.727,0.2128099173553719,0.7871900826446281,0
701643,"Hartwig, Grant","Pit",121,297,297,184,15.73,113,15.73,0.27946127946127947,0.7171717171717171,0.003367003367003367
571670,"Floro, Dylan","Pit",142,425,425,239,15.747,186,15.747,0.21176470588235294,0.7835294117647059,0.004705882352941176
605483,"Snell, Blake","Pit",135,1429,1429,964,15.762,465,15.762,0.24072778166550035,0.7550734779566131,0.004198740377886634
552640,"Kittredge, Andrew","Pit",139,61,61,26,15.762,35,15.762,0.09836065573770492,0.9016393442622951,0
623465,"Phillips, Evan","Pit",119,419,419,266,15.774,153,15.774,0.2052505966587112,0.7923627684964201,0.002386634844868735
605155,"Brewer, Colten","Pit",147,49,49,35,15.777,14,15.777,0.32653061224489793,0.6530612244897959,0.02040816326530612
607259,"Martinez, Nick","Pit",135,742,742,481,15.778,261,15.778,0.22371967654986524,0.7695417789757413,0.006738544474393531
592826,"Velasquez, Vince","Pit",134,284,284,175,15.785,109,15.785,0.2112676056338028,0.7887323943661971,0
554340,"García, Yimi","Pit",141,494,494,282,15.79,212,15.79,0.19230769230769232,0.8076923076923077,0
686610,"Waldichuk, Ken","Pit",133,1136,1136,673,15.792,463,15.792,0.18045774647887325,0.8151408450704225,0.0044014084507042256
664299,"Javier, Cristian","Pit",117,1284,1284,843,15.802,441,15.802,0.25778816199376947,0.735981308411215,0.006230529595015576
663753,"Knehr, Reiss","Pit",135,65,65,29,15.812,36,15.812,0.15384615384615385,0.8461538461538461,0
605447,"Romano, Jordan","Pit",141,378,378,203,15.815,175,15.815,0.19047619047619047,0.798941798941799,0.010582010582010581
656061,"Abreu, Albert","Pit",147,482,482,250,15.82,232,15.82,0.22614107883817428,0.7634854771784232,0.01037344398340249
663567,"Lambert, Peter","Pit",115,645,645,396,15.821,249,15.821,0.20155038759689922,0.7968992248062016,0.0015503875968992248
621363,"Poche, Colin","Pit",139,396,396,231,15.823,165,15.823,0.23737373737373738,0.75,0.012626262626262626
592662,"Ray, Robbie","Pit",136,36,36,19,15.824,17,15.824,0.08333333333333333,0.9166666666666666,0
671212,"Boyle, Joe","Pit",133,108,108,83,15.824,25,15.824,0.23148148148148148,0.7592592592592593,0.009259259259259259
622780,"Perdomo, Angel","Pit",134,218,218,146,15.825,72,15.825,0.25229357798165136,0.7431192660550459,0.0045871559633027525
663941,"Beck, Tristan","Pit",137,580,580,361,15.827,219,15.827,0.2103448275862069,0.7827586206896552,0.006896551724137931
543507,"May, Trevor","Pit",133,361,361,198,15.83,163,15.83,0.19667590027700832,0.8005540166204986,0.002770083102493075
608371,"Sims, Lucas","Pit",113,463,463,206,15.83,257,15.83,0.19870410367170627,0.8012958963282938,0
593619,"Tapia, Domingo","Pit",135,151,151,97,15.837,54,15.837,0.23178807947019867,0.7682119205298014,0
676092,"Snider, Collin","Pit",118,185,185,79,15.84,106,15.84,0.15675675675675677,0.8378378378378378,0.005405405405405406
664747,"Díaz, Alexis","Pit",113,500,500,278,15.841,222,15.841,0.254,0.74,0.006
682171,"Murfee, Penn","Pit",136,91,91,50,15.864,41,15.864,0.15384615384615385,0.8461538461538461,0
656981,"Solomon, Peter","Pit",109,119,119,65,15.864,54,15.864,0.2773109243697479,0.7226890756302521,0
622250,"Sborz, Josh","Pit",140,362,362,241,15.871,121,15.871,0.22099447513812154,0.7762430939226519,0.0027624309392265192
666207,"Pint, Riley","Pit",115,13,13,6,15.871,7,15.871,0.23076923076923078,0.7692307692307693,0
607067,"Rea, Colin","Pit",158,883,883,622,15.872,261,15.872,0.217440543601359,0.7791619479048698,0.0033975084937712344
676714,"Hughes, Brandon","Pit",112,108,108,58,15.876,50,15.876,0.21296296296296297,0.7777777777777778,0.009259259259259259
676702,"Stratton, Hunter","Pit",134,65,65,40,15.882,25,15.882,0.23076923076923078,0.7692307692307693,0
662253,"Muñoz, Andrés","Pit",136,349,349,192,15.884,157,15.884,0.19197707736389685,0.8051575931232091,0.0028653295128939827
660825,"Bazardo, Eduard","Pit",136,103,103,59,15.892,44,15.892,0.21359223300970873,0.7864077669902912,0
668909,"Williams, Gavin","Pit",114,607,607,405,15.895,202,15.895,0.20757825370675453,0.7891268533772653,0.0032948929159802307
676395,"Garcia, Robert","Pit",120,211,211,119,15.9,92,15.9,0.20853080568720378,0.7867298578199052,0.004739336492890996
663542,"Hudson, Bryan","Pit",119,76,76,36,15.906,40,15.906,0.15789473684210525,0.8421052631578947,0
572971,"Keuchel, Dallas","Pit",142,308,308,187,15.906,121,15.906,0.262987012987013,0.7337662337662337,0.003246753246753247
571656,"Farmer, Buck","Pit",113,542,542,331,15.932,211,15.932,0.1937269372693727,0.8025830258302583,0.0036900369003690036
593576,"Neris, Hector","Pit",117,437,437,280,15.94,157,15.94,0.2562929061784897,0.7322654462242563,0.011441647597254004
641360,"Bickford, Phil","Pit",121,519,519,284,15.941,235,15.941,0.18304431599229287,0.8131021194605009,0.0038535645472061657
623167,"Flexen, Chris","Pit",115,752,752,478,15.952,274,15.952,0.21409574468085107,0.7845744680851063,0.0013297872340425532
672860,"Berroa, Prelander","Pit",136,21,21,13,15.953,8,15.953,0.19047619047619047,0.8095238095238095,0
594577,"Mayers, Mike","Pit",118,205,205,119,15.954,86,15.954,0.21951219512195122,0.775609756097561,0.004878048780487805
668674,"Erceg, Lucas","Pit",133,501,501,247,15.954,254,15.954,0.1277445109780439,0.8702594810379242,0.001996007984031936
665625,"Peguero, Elvis","Pit",158,395,395,237,15.955,158,15.955,0.2582278481012658,0.739240506329114,0.002531645569620253
669022,"Gore, MacKenzie","Pit",120,1060,1060,667,15.961,393,15.961,0.21320754716981133,0.7773584905660378,0.009433962264150943
641447,"Castano, Daniel","Pit",146,34,34,13,15.964,21,15.964,0.11764705882352941,0.8823529411764706,0
608717,"Stratton, Chris","Pit",140,574,574,328,15.965,246,15.965,0.20034843205574912,0.7961672473867596,0.003484320557491289
687145,"Justice, Evan","Pit",115,90,90,15,15.971,75,15.971,0.06666666666666667,0.9333333333333333,0
641154,"López, Pablo","Pit",142,1232,1232,820,15.972,412,15.972,0.20941558441558442,0.7832792207792207,0.007305194805194805
656257,"Brigham, Jeff","Pit",121,304,304,172,15.976,132,15.976,0.18092105263157895,0.8092105263157895,0.009868421052631578
686826,"Jarvis, Bryce","Pit",109,183,183,126,15.978,57,15.978,0.28415300546448086,0.7103825136612022,0.00546448087431694
453286,"Scherzer, Max","Pit",140,1030,1030,743,15.984,287,15.984,0.2504854368932039,0.7475728155339806,0.001941747572815534
502202,"Boxberger, Brad","Pit",112,165,165,110,15.997,55,15.997,0.21818181818181817,0.7818181818181819,0
502085,"Robertson, David","Pit",146,467,467,297,16.007,170,16.007,0.21841541755888652,0.7730192719486081,0.008565310492505354
665152,"Kremer, Dean","Pit",110,1322,1322,894,16.007,428,16.007,0.23751891074130105,0.7556732223903178,0.00680786686838124
663773,"Hoeing, Bryan","Pit",146,535,535,339,16.009,196,16.009,0.17570093457943925,0.822429906542056,0.001869158878504673
660787,"De Los Santos, Yerry","Pit",134,180,180,104,16.011,76,16.011,0.2222222222222222,0.7666666666666667,0.011111111111111112
621368,"Hearn, Taylor","Pit",118,124,124,68,16.02,56,16.02,0.21774193548387097,0.782258064516129,0
656924,"Ryan, Ryder","Pit",136,6,6,4,16.023,2,16.023,0,1,0
596112,"Stephenson, Robert","Pit",139,280,280,179,16.028,101,16.028,0.18214285714285713,0.8107142857142857,0.007142857142857143
456713,"Bush, Matt","Pit",158,92,92,54,16.043,38,16.043,0.2391304347826087,0.75,0.010869565217391304
669145,"Zimmermann, Bruce","Pit",110,88,88,45,16.044,43,16.044,0.1590909090909091,0.8409090909090909,0
664028,"Kennedy, Brett","Pit",113,150,150,92,16.045,58,16.045,0.16666666666666666,0.82,0.013333333333333334
579328,"Kikuchi, Yusei","Pit",141,1238,1238,818,16.047,420,16.047,0.20274636510500807,0.7924071082390953,0.004846526655896607
641871,"Middleton, Keynan","Pit",147,363,363,243,16.05,120,16.05,0.19008264462809918,0.8071625344352618,0.0027548209366391185
622065,"Young, Alex","Pit",113,358,358,213,16.054,145,16.054,0.20949720670391062,0.7877094972067039,0.002793296089385475
678061,"Kerr, Ray","Pit",135,191,191,115,16.064,76,16.064,0.14659685863874344,0.8481675392670157,0.005235602094240838
666808,"Doval, Camilo","Pit",137,459,459,235,16.064,224,16.064,0.20043572984749455,0.7930283224400871,0.006535947712418301
640462,"Puk, A.J.","Pit",146,427,427,245,16.068,182,16.068,0.16627634660421545,0.8266978922716628,0.00702576112412178
657044,"Thompson, Ryan","Pit",109,210,210,121,16.072,89,16.072,0.16666666666666666,0.8285714285714286,0.004761904761904762
664875,"Lawrence, Justin","Pit",115,582,582,308,16.073,274,16.073,0.19243986254295534,0.8041237113402062,0.003436426116838488
657097,"Webb, Jacob","Pit",110,370,370,199,16.074,171,16.074,0.10540540540540541,0.8945945945945946,0
543294,"Hendricks, Kyle","Pit",112,976,976,627,16.079,349,16.079,0.08401639344262295,0.9159836065573771,0
673540,"Senga, Kodai","Pit",121,1220,1220,831,16.086,389,16.086,0.22377049180327868,0.769672131147541,0.006557377049180328
656876,"Rasmussen, Drew","Pit",139,282,282,203,16.09,79,16.09,0.20212765957446807,0.7943262411347518,0.0035460992907801418
642121,"Sulser, Cole","Pit",109,39,39,29,16.091,10,16.091,0.28205128205128205,0.717948717948718,0
642232,"Yarbrough, Ryan","Pit",119,609,609,369,16.096,240,16.096,0.18226600985221675,0.8160919540229885,0.0016420361247947454
570257,"Rodríguez, Joely","Pit",111,107,107,47,16.098,60,16.098,0.17757009345794392,0.8037383177570093,0.018691588785046728
607074,"Rodón, Carlos","Pit",147,439,439,290,16.109,149,16.109,0.17995444191343962,0.8086560364464692,0.011389521640091117
657031,"Taylor, Josh","Pit",118,147,147,95,16.111,52,16.111,0.17687074829931973,0.8163265306122449,0.006802721088435374
640451,"Harvey, Hunter","Pit",120,408,408,248,16.134,160,16.134,0.19852941176470587,0.7990196078431373,0.0024509803921568627
646241,"De Jesus, Enmanuel","Pit",146,58,58,30,16.148,28,16.148,0.1896551724137931,0.8103448275862069,0
669923,"Kirby, George","Pit",136,1146,1146,793,16.158,353,16.158,0.18848167539267016,0.8089005235602095,0.002617801047120419
666214,"Wentz, Joey","Pit",116,858,858,548,16.16,310,16.16,0.21328671328671328,0.7843822843822844,0.002331002331002331
664948,"Misiewicz, Anthony","Pit",147,97,97,46,16.163,51,16.163,0.13402061855670103,0.865979381443299,0
622088,"Antone, Tejay","Pit",113,47,47,39,16.169,8,16.169,0.2765957446808511,0.723404255319149,0
592346,"González, Chi Chi","Pit",146,31,31,4,16.17,27,16.17,0.03225806451612903,0.967741935483871,0
694297,"Pfaadt, Brandon","Pit",109,717,717,458,16.173,259,16.173,0.17294281729428174,0.8228730822873083,0.0041841004184100415
628708,"Marte, Yunior","Pit",143,315,315,141,16.176,174,16.176,0.10793650793650794,0.8793650793650793,0.012698412698412698
666277,"Soriano, George","Pit",146,420,420,220,16.176,200,16.176,0.16904761904761906,0.8285714285714286,0.002380952380952381
656382,"Doyle, Tommy","Pit",115,143,143,90,16.177,53,16.177,0.1888111888111888,0.8111888111888111,0
656288,"Canning, Griffin","Pit",108,904,904,616,16.19,288,16.19,0.24778761061946902,0.7389380530973452,0.01327433628318584
664942,"Naile, James","Pit",138,147,147,57,16.195,90,16.195,0.17687074829931973,0.8231292517006803,0
643377,"Jax, Griffin","Pit",142,453,453,279,16.196,174,16.196,0.15894039735099338,0.8344370860927153,0.006622516556291391
686613,"Brown, Hunter","Pit",117,1218,1218,834,16.203,384,16.203,0.22495894909688013,0.7692939244663383,0.005747126436781609
672335,"Pérez, Cionel","Pit",110,387,387,209,16.208,178,16.208,0.17571059431524547,0.813953488372093,0.0103359173126615
664062,"Gonsolin, Tony","Pit",119,684,684,488,16.208,196,16.208,0.17690058479532164,0.8216374269005848,0.0014619883040935672
605347,"López, Jorge","Pit",110,419,419,243,16.21,176,16.21,0.21957040572792363,0.7684964200477327,0.011933174224343675
682051,"Hill, Garrett","Pit",116,148,148,70,16.214,78,16.214,0.1891891891891892,0.8108108108108109,0
657024,"Swanson, Erik","Pit",141,453,453,280,16.217,173,16.217,0.1390728476821192,0.8587196467991169,0.002207505518763797
573204,"Thielbar, Caleb","Pit",142,196,196,136,16.228,60,16.228,0.09183673469387756,0.9030612244897959,0.00510204081632653
600921,"Machado, Andrés","Pit",120,324,324,169,16.229,155,16.229,0.11728395061728394,0.8734567901234568,0.009259259259259259
592848,"Weiss, Zack","Pit",111,101,101,58,16.229,43,16.229,0.10891089108910891,0.8910891089108911,0
660896,"Alcala, Jorge","Pit",142,157,157,106,16.229,51,16.229,0.2229299363057325,0.7770700636942676,0
621295,"Wittgren, Nick","Pit",118,203,203,111,16.232,92,16.232,0.1921182266009852,0.8078817733990148,0
670990,"Ramirez, Yohan","Pit",145,358,358,153,16.237,205,16.237,0.15921787709497207,0.8324022346368715,0.008379888268156424
679885,"Martinez, Justin","Pit",109,106,106,38,16.239,68,16.239,0.11320754716981132,0.8867924528301887,0
640470,"Alzolay, Adbert","Pit",112,391,391,253,16.241,138,16.241,0.21739130434782608,0.7774936061381074,0.005115089514066497
670280,"Bednar, David","Pit",134,434,434,244,16.242,190,16.242,0.15898617511520738,0.836405529953917,0.004608294930875576
628711,"Urías, Julio","Pit",119,790,790,548,16.264,242,16.264,0.1341772151898734,0.8632911392405064,0.002531645569620253
453178,"Kennedy, Ian","Pit",140,139,139,85,16.265,54,16.265,0.14388489208633093,0.8561151079136691,0
605242,"Fulmer, Michael","Pit",112,427,427,242,16.267,185,16.267,0.16393442622950818,0.8337236533957846,0.00234192037470726
669276,"Lee, Dylan","Pit",144,152,152,95,16.267,57,16.267,0.14473684210526316,0.8552631578947368,0
681808,"Vallimont, Chris","Pit",110,6,6,6,16.275,,16.275,0.16666666666666666,0.8333333333333334,0
606160,"Montero, Rafael","Pit",117,534,534,309,16.276,225,16.276,0.149812734082397,0.8408239700374532,0.009363295880149813
600917,"Leclerc, José","Pit",140,418,418,257,16.281,161,16.281,0.215311004784689,0.7822966507177034,0.0023923444976076554
605280,"Holmes, Clay","Pit",147,469,469,269,16.288,200,16.288,0.12366737739872068,0.8678038379530917,0.008528784648187633
676680,"Cosgrove, Tom","Pit",135,399,399,232,16.289,167,16.289,0.12030075187969924,0.8771929824561403,0.002506265664160401
663986,"Stephan, Trevor","Pit",114,466,466,260,16.291,206,16.291,0.16738197424892703,0.8304721030042919,0.002145922746781116
571901,"Loup, Aaron","Pit",108,358,358,162,16.294,196,16.294,0.036312849162011177,0.9608938547486033,0.002793296089385475
664199,"Clarke, Taylor","Pit",118,414,414,284,16.294,130,16.294,0.178743961352657,0.8140096618357487,0.007246376811594203
453268,"Bard, Daniel","Pit",115,452,452,218,16.297,234,16.297,0.12168141592920353,0.8761061946902655,0.0022123893805309734
672715,"Patiño, Luis","Pit",145,183,183,114,16.302,69,16.302,0.17486338797814208,0.819672131147541,0.00546448087431694
543243,"Gray, Sonny","Pit",142,1227,1227,775,16.308,452,16.308,0.19233903830480847,0.8027709861450693,0.004889975550122249
669330,"Wells, Tyler","Pit",110,870,870,647,16.311,223,16.311,0.17011494252873563,0.828735632183908,0.0011494252873563218
665896,"Marte, José","Pit",108,81,81,36,16.319,45,16.319,0.16049382716049382,0.8271604938271605,0.012345679012345678
663423,"Thornton, Trent","Pit",136,210,210,133,16.32,77,16.32,0.11904761904761904,0.8714285714285714,0.009523809523809525
669203,"Burnes, Corbin","Pit",158,1325,1325,945,16.328,380,16.328,0.16528301886792454,0.8279245283018868,0.006792452830188679
670102,"Francis, Bowden","Pit",141,233,233,141,16.337,92,16.337,0.18454935622317598,0.8068669527896996,0.008583690987124463
519043,"Moore, Matt","Pit",146,307,307,200,16.338,107,16.338,0.15309446254071662,0.8403908794788274,0.006514657980456026
669111,"McMillon, John","Pit",118,28,28,28,16.338,,16.338,0.21428571428571427,0.75,0.03571428571428571
642770,"Guerra, Javy","Pit",139,179,179,91,16.346,88,16.346,0.055865921787709494,0.9385474860335196,0.00558659217877095
657240,"Merryweather, Julian","Pit",112,518,518,288,16.349,230,16.349,0.10617760617760617,0.888030888030888,0.005791505791505791
596082,"Reed, Jake","Pit",119,14,14,5,16.363,9,16.363,0.21428571428571427,0.7857142857142857,0
571863,"Koch, Matt","Pit",115,252,252,147,16.371,105,16.371,0.11507936507936507,0.8849206349206349,0
666974,"Cano, Yennier","Pit",110,439,439,276,16.375,163,16.375,0.13895216400911162,0.856492027334852,0.004555808656036446
680767,"Vodnik, Victor","Pit",115,85,85,39,16.377,46,16.377,0.21176470588235294,0.788235294117647,0
669618,"Barlow, Joe","Pit",140,63,63,46,16.385,17,16.385,0.1111111111111111,0.8888888888888888,0
621076,"Kaprielian, James","Pit",133,444,444,241,16.386,203,16.386,0.1373873873873874,0.8536036036036037,0.009009009009009009
621237,"Alvarado, José","Pit",143,314,314,192,16.389,122,16.389,0.15605095541401273,0.8407643312101911,0.0031847133757961785
663321,"Hernandez, Nick","Pit",135,32,32,23,16.392,9,16.392,0.125,0.875,0
663460,"Bubic, Kris","Pit",118,108,108,71,16.394,37,16.394,0.14814814814814814,0.8518518518518519,0
621199,"Bowman, Matt","Pit",147,43,43,20,16.395,23,16.395,0.023255813953488372,0.9302325581395349,0.046511627906976744
624647,"González, Victor","Pit",119,239,239,153,16.405,86,16.405,0.100418410041841,0.891213389121339,0.008368200836820083
663385,"Smith, Chad","Pit",133,115,115,67,16.405,48,16.405,0.13043478260869565,0.8608695652173913,0.008695652173913044
656945,"Scott, Tanner","Pit",146,505,505,283,16.406,222,16.406,0.12871287128712872,0.8673267326732673,0.0039603960396039604
621219,"Mills, Alec","Pit",113,18,18,7,16.408,11,16.408,0.1111111111111111,0.8888888888888888,0
669093,"Estrada, Jeremiah","Pit",112,100,100,41,16.427,59,16.427,0.14,0.86,0
670810,"Gillaspie, Logan","Pit",110,78,78,36,16.428,42,16.428,0.08974358974358974,0.8846153846153846,0.02564102564102564
661403,"Clase, Emmanuel","Pit",114,441,441,271,16.441,170,16.441,0.1564625850340136,0.8390022675736961,0.0045351473922902496
664285,"Valdez, Framber","Pit",117,1282,1282,864,16.445,418,16.445,0.26053042121684866,0.7316692667706708,0.0078003120124804995
607179,"Weems, Jordan","Pit",120,437,437,274,16.454,163,16.454,0.17162471395881007,0.8215102974828375,0.006864988558352402
595345,"Okert, Steven","Pit",146,459,459,261,16.456,198,16.456,0.0718954248366013,0.9237472766884531,0.004357298474945534
677161,"Kelly, Zack","Pit",111,82,82,38,16.474,44,16.474,0.04878048780487805,0.9512195121951219,0
656529,"Hentges, Sam","Pit",114,387,387,193,16.476,194,16.476,0.06718346253229975,0.9276485788113695,0.00516795865633075
675921,"Howard, Spencer","Pit",140,39,39,15,16.486,24,16.486,0.07692307692307693,0.9230769230769231,0
606930,"Barnes, Jacob","Pit",138,85,85,48,16.498,37,16.498,0.2,0.8,0
663562,"Davis, Noah","Pit",115,269,269,153,16.506,116,16.506,0.137546468401487,0.862453531598513,0
650633,"King, Michael","Pit",147,821,821,505,16.518,316,16.518,0.1278928136419001,0.8623629719853837,0.0097442143727162
571946,"Miller, Shelby","Pit",119,313,313,202,16.526,111,16.526,0.12460063897763578,0.8690095846645367,0.006389776357827476
663158,"Suarez, Robert","Pit",135,195,195,135,16.546,60,16.546,0.10256410256410256,0.8871794871794871,0.010256410256410256
605130,"Barlow, Scott","Pit",135,537,537,294,16.576,243,16.576,0.1266294227188082,0.8696461824953445,0.0037243947858473
660271,"Ohtani, Shohei","Pit",108,938,938,638,16.577,300,16.577,0.18763326226012794,0.8049040511727079,0.007462686567164179
682175,"Jacques, Joe","Pit",111,224,224,109,16.579,115,16.579,0.05803571428571429,0.9419642857142857,0
543339,"Hudson, Daniel","Pit",119,21,21,11,16.586,10,16.586,0.09523809523809523,0.9047619047619048,0
656730,"Megill, Trevor","Pit",158,249,249,121,16.595,128,16.595,0.10040160642570281,0.8835341365461847,0.01606425702811245
608337,"Giolito, Lucas","Pit",114,1383,1383,977,16.599,406,16.599,0.16196673897324657,0.8351409978308026,0.0028922631959508315
682243,"Miller, Bryce","Pit",136,848,848,579,16.603,269,16.603,0.1580188679245283,0.8408018867924528,0.0011792452830188679
543518,"McGough, Scott","Pit",109,522,522,299,16.605,223,16.605,0.15517241379310345,0.8448275862068966,0
663971,"Calvo, Blair","Pit",115,6,6,6,16.607,,16.607,0.16666666666666666,0.8333333333333334,0
518489,"Brasier, Ryan","Pit",119,354,354,207,16.612,147,16.612,0.1384180790960452,0.8531073446327684,0.00847457627118644
650556,"Abreu, Bryan","Pit",117,551,551,320,16.614,231,16.614,0.15970961887477314,0.8348457350272233,0.0054446460980036296
541640,"Ramírez, Erasmo","Pit",139,402,402,235,16.62,167,16.62,0.12935323383084577,0.8681592039800995,0.0024875621890547263
663629,"Small, Ethan","Pit",158,44,44,13,16.621,31,16.621,0.11363636363636363,0.8863636363636364,0
657248,"Otto, Glenn","Pit",140,81,81,46,16.622,35,16.622,0.08641975308641975,0.9135802469135802,0
542585,"Cisnero, José","Pit",116,414,414,208,16.624,206,16.624,0.0966183574879227,0.9033816425120773,0
670167,"Schreiber, John","Pit",111,395,395,194,16.625,201,16.625,0.05063291139240506,0.9443037974683545,0.005063291139240506
623474,"Herget, Jimmy","Pit",108,246,246,144,16.633,102,16.633,0.16260162601626016,0.8170731707317073,0.02032520325203252
672391,"Ort, Kaleb","Pit",111,170,170,88,16.635,82,16.635,0.058823529411764705,0.9411764705882353,0
621139,"Kriske, Brooks","Pit",118,39,39,24,16.645,15,16.645,0.07692307692307693,0.9230769230769231,0
668941,"Romero, JoJo","Pit",138,246,246,130,16.663,116,16.663,0.09349593495934959,0.9065040650406504,0
595411,"Sherriff, Ryan","Pit",111,52,52,28,16.667,24,16.667,0.057692307692307696,0.9230769230769231,0.019230769230769232
628317,"Maeda, Kenta","Pit",142,753,753,535,16.667,218,16.667,0.11686586985391766,0.8818061088977424,0.0013280212483399733
593423,"Montas, Frankie","Pit",147,9,9,7,16.668,2,16.668,0.1111111111111111,0.8888888888888888,0
680686,"Gray, Josiah","Pit",120,1232,1232,717,16.672,515,16.672,0.12905844155844157,0.8676948051948052,0.003246753246753247
664294,"Moreta, Dauri","Pit",134,450,450,234,16.678,216,16.678,0.08888888888888889,0.9,0.011111111111111112
642701,"Santana, Dennis","Pit",121,98,98,59,16.681,39,16.681,0.12244897959183673,0.8775510204081632,0
542888,"Armstrong, Shawn","Pit",139,317,317,202,16.687,115,16.687,0.050473186119873815,0.9495268138801262,0
641656,"Hamilton, Ian","Pit",147,415,415,226,16.7,189,16.7,0.13493975903614458,0.8602409638554217,0.004819277108433735
660853,"De Los Santos, Enyel","Pit",114,428,428,263,16.702,165,16.702,0.1261682242990654,0.8714953271028038,0.002336448598130841
674444,"Cruz, Steven","Pit",118,115,115,60,16.707,55,16.707,0.06086956521739131,0.9217391304347826,0.017391304347826087
592332,"Gausman, Kevin","Pit",141,1238,1238,855,16.712,383,16.712,0.09854604200323101,0.8974151857835219,0.004038772213247173
656657,"Logue, Zach","Pit",116,63,63,42,16.734,21,16.734,0.09523809523809523,0.9047619047619048,0
489446,"Yates, Kirby","Pit",144,455,455,282,16.739,173,16.739,0.06813186813186813,0.9230769230769231,0.008791208791208791
519293,"Smith, Will","Pit",140,349,349,232,16.746,117,16.746,0.10888252148997135,0.8882521489971347,0.0028653295128939827
641329,"Baker, Bryan","Pit",110,335,335,191,16.785,144,16.785,0.10746268656716418,0.8925373134328358,0
605177,"Chafin, Andrew","Pit",158,412,412,241,16.79,171,16.79,0.11650485436893204,0.8762135922330098,0.007281553398058253
686842,"Moore, McKinley","Pit",143,44,44,15,16.797,29,16.797,0.045454545454545456,0.9545454545454546,0
672841,"Vargas, Carlos","Pit",109,39,39,19,16.81,20,16.81,0.1282051282051282,0.8717948717948718,0
641941,"Pagán, Emilio","Pit",142,398,398,259,16.811,139,16.811,0.08793969849246232,0.8894472361809045,0.022613065326633167
656578,"Jackson, Andre","Pit",134,421,421,293,16.814,128,16.814,0.12589073634204276,0.8669833729216152,0.007125890736342043
608638,"Chargois, JT","Pit",146,350,350,186,16.82,164,16.82,0.12571428571428572,0.8628571428571429,0.011428571428571429
676760,"Marinaccio, Ron","Pit",147,371,371,175,16.82,196,16.82,0.03504043126684636,0.9595687331536388,0.005390835579514825
601713,"Pivetta, Nick","Pit",111,1010,1010,705,16.825,305,16.825,0.11386138613861387,0.8712871287128713,0.01485148514851485
455119,"Martin, Chris","Pit",111,269,269,149,16.832,120,16.832,0.05947955390334572,0.9330855018587361,0.007434944237918215
671345,"Foley, Jason","Pit",116,464,464,262,16.832,202,16.832,0.05172413793103448,0.9439655172413793,0.004310344827586207
607481,"Bummer, Aaron","Pit",145,533,533,252,16.839,281,16.839,0.10318949343339587,0.8874296435272045,0.009380863039399626
656786,"Mushinski, Parker","Pit",117,110,110,66,16.841,44,16.841,0.06363636363636363,0.9363636363636364,0
675916,"Karinchak, James","Pit",114,316,316,175,16.857,141,16.857,0.10126582278481013,0.8860759493670886,0.012658227848101266
642100,"Speier, Gabe","Pit",136,314,314,213,16.863,101,16.863,0.19745222929936307,0.7993630573248408,0.0031847133757961785
656322,"Coonrod, Sam","Pit",121,80,80,34,16.876,46,16.876,0.1375,0.8375,0.025
669952,"White, Mitch","Pit",141,115,115,46,16.89,69,16.89,0.02608695652173913,0.9739130434782609,0
621381,"Strahm, Matt","Pit",143,577,577,343,16.915,234,16.915,0.0658578856152513,0.9185441941074524,0.01559792027729636
657697,"Nittoli, Vinny","Pit",121,24,24,5,16.919,19,16.919,0.125,0.875,0
527054,"Teheran, Julio","Pit",158,481,481,334,16.934,147,16.934,0.0997920997920998,0.896049896049896,0.004158004158004158
607457,"Barraclough, Kyle","Pit",111,73,73,29,16.955,44,16.955,0.0821917808219178,0.9178082191780822,0
665871,"Assad, Javier","Pit",112,792,792,507,16.96,285,16.96,0.15151515151515152,0.8421717171717171,0.006313131313131313
664192,"Lucchesi, Joey","Pit",121,320,320,222,16.974,98,16.974,0.1,0.884375,0.015625
434378,"Verlander, Justin","Pit",117,1089,1089,699,16.978,390,16.978,0.1184573002754821,0.8797061524334252,0.0018365472910927456
661309,"Martínez, Adrián","Pit",133,421,421,236,16.979,185,16.979,0.13539192399049882,0.8646080760095012,0
605182,"Clevinger, Mike","Pit",145,889,889,607,16.999,282,16.999,0.0843644544431946,0.9088863892013498,0.006749156355455568
677076,"Andrews, Clayton","Pit",158,42,42,22,17.001,20,17.001,0.11904761904761904,0.8809523809523809,0
605135,"Bassitt, Chris","Pit",141,1401,1401,983,17.011,418,17.011,0.18629550321199143,0.8037116345467523,0.009992862241256246
625643,"López, Reynaldo","Pit",114,472,472,268,17.012,204,17.012,0.08686440677966102,0.9004237288135594,0.012711864406779662
472551,"Abad, Fernando","Pit",115,67,67,32,17.014,35,17.014,0.11940298507462686,0.8805970149253731,0
669912,"Snead, Kirby","Pit",133,82,82,40,17.021,42,17.021,0.036585365853658534,0.9512195121951219,0.012195121951219513
543766,"Shaw, Bryan","Pit",145,349,349,194,17.029,155,17.029,0.07736389684813753,0.9169054441260746,0.0057306590257879654
605446,"Rodríguez, Dereck","Pit",144,49,49,20,17.041,29,17.041,0.04081632653061224,0.9387755102040817,0.02040816326530612
663558,"Moran, Jovani","Pit",142,337,337,189,17.044,148,17.044,0.13056379821958458,0.8664688427299704,0.002967359050445104
670183,"Acton, Garrett","Pit",133,63,63,32,17.05,31,17.05,0.047619047619047616,0.9206349206349206,0.031746031746031744
693312,"Nicolas, Kyle","Pit",134,48,48,21,17.056,27,17.056,0.08333333333333333,0.9166666666666666,0
605540,"Woodruff, Brandon","Pit",158,455,455,348,17.061,107,17.061,0.06373626373626373,0.9296703296703297,0.006593406593406593
425844,"Greinke, Zack","Pit",118,1013,1013,701,17.064,312,17.064,0.11747285291214216,0.8795656465942744,0.0029615004935834156
687888,"Walter, Brandon","Pit",111,158,158,97,17.075,61,17.075,0.0759493670886076,0.9050632911392406,0.0189873417721519
672782,"Gómez, Yoendrys","Pit",147,12,12,9,17.081,3,17.081,0,1,0
643410,"Leiter Jr., Mark","Pit",112,479,479,304,17.081,175,17.081,0.07515657620041753,0.9206680584551148,0.0041753653444676405
650893,"Cabrera, Génesis","Pit",141,391,391,215,17.082,176,17.082,0.058823529411764705,0.928388746803069,0.01278772378516624
592773,"Stanek, Ryne","Pit",117,345,345,229,17.084,116,17.084,0.04927536231884058,0.9478260869565217,0.002898550724637681
607968,"Rucinski, Drew","Pit",133,168,168,99,17.093,69,17.093,0.011904761904761904,0.9880952380952381,0
606149,"Gallegos, Giovanny","Pit",138,355,355,223,17.094,132,17.094,0.0676056338028169,0.9211267605633803,0.011267605633802818
676206,"Tarnok, Freddy","Pit",133,129,129,82,17.117,47,17.117,0.07751937984496124,0.9147286821705426,0.007751937984496124
523260,"Kelly, Joe","Pit",119,321,321,192,17.125,129,17.125,0.1557632398753894,0.838006230529595,0.006230529595015576
682842,"Uribe, Abner","Pit",158,232,232,128,17.127,104,17.127,0.08189655172413793,0.9094827586206896,0.008620689655172414
670036,"Festa, Matt","Pit",136,88,88,46,17.129,42,17.129,0.06818181818181818,0.9318181818181818,0
670970,"Morejon, Adrian","Pit",135,70,70,21,17.131,49,17.131,0.02857142857142857,0.9428571428571428,0.02857142857142857
657756,"Seabold, Connor","Pit",115,664,664,366,17.134,298,17.134,0.05271084337349398,0.9367469879518072,0.010542168674698794
669711,"Weissert, Greg","Pit",147,167,167,106,17.135,61,17.135,0.059880239520958084,0.9341317365269461,0.005988023952095809
518397,"Alexander, Scott","Pit",137,267,267,152,17.138,115,17.138,0.04119850187265917,0.9550561797752809,0.003745318352059925
592454,"Kahnle, Tommy","Pit",147,313,313,209,17.184,104,17.184,0.04792332268370607,0.952076677316294,0
681869,"Dubin, Shawn","Pit",117,66,66,38,17.186,28,17.186,0.07575757575757576,0.9242424242424242,0
543056,"Coulombe, Danny","Pit",110,349,349,193,17.194,156,17.194,0.054441260744985676,0.9398280802292264,0.0057306590257879654
622103,"Reyes, Gerardo","Pit",108,90,90,47,17.194,43,17.194,0.044444444444444446,0.9555555555555556,0
670329,"Garcia, Rico","Pit",120,128,128,73,17.199,55,17.199,0.0390625,0.9609375,0
622251,"Staumont, Josh","Pit",118,150,150,88,17.204,62,17.204,0.12,0.86,0.02
680694,"Bradish, Kyle","Pit",110,1214,1214,811,17.21,403,17.21,0.09555189456342669,0.8970345963756178,0.007413509060955519
605488,"Springs, Jeffrey","Pit",139,102,102,84,17.211,18,17.211,0.18627450980392157,0.803921568627451,0.00980392156862745
663776,"Sandoval, Patrick","Pit",108,1176,1176,689,17.216,487,17.216,0.13860544217687074,0.8511904761904762,0.01020408163265306
656756,"Montgomery, Jordan","Pit",140,1281,1281,816,17.218,465,17.218,0.07884465261514442,0.9164715066354411,0.00468384074941452
674072,"Henry, Tommy","Pit",109,592,592,382,17.231,210,17.231,0.05067567567567568,0.9476351351351351,0.0016891891891891893
547973,"Chapman, Aroldis","Pit",140,429,429,267,17.249,162,17.249,0.03496503496503497,0.9463869463869464,0.018648018648018648
519151,"Pressly, Ryan","Pit",117,427,427,291,17.255,136,17.255,0.09836065573770492,0.8946135831381733,0.00702576112412178
608723,"Voth, Austin","Pit",110,284,284,187,17.256,97,17.256,0.06690140845070422,0.9330985915492958,0
640454,"Krook, Matt","Pit",147,51,51,19,17.257,32,17.257,0.0784313725490196,0.9019607843137255,0.0196078431372549
518617,"Diekman, Jake","Pit",139,481,481,261,17.266,220,17.266,0.031185031185031187,0.9625779625779626,0.006237006237006237
642758,"Acevedo, Domingo","Pit",133,74,74,47,17.3,27,17.3,0.04054054054054054,0.9459459459459459,0.013513513513513514
598264,"Barnes, Matt","Pit",146,186,186,110,17.304,76,17.304,0.06989247311827956,0.9086021505376344,0.021505376344086023
664202,"Cyr, Tyler","Pit",119,10,10,7,17.305,3,17.305,0.1,0.9,0
664126,"Fairbanks, Pete","Pit",139,297,297,168,17.306,129,17.306,0.02356902356902357,0.9663299663299664,0.010101010101010102
664076,"Cleavinger, Garrett","Pit",139,100,100,38,17.318,62,17.318,0.04,0.95,0.01
663855,"Hicks, Jordan","Pit",141,524,524,292,17.32,232,17.32,0.08969465648854962,0.898854961832061,0.011450381679389313
682010,"Ramsey, Lane","Pit",145,148,148,69,17.321,79,17.321,0.02702702702702703,0.9527027027027027,0.02027027027027027
621112,"Blackburn, Paul","Pit",133,832,832,477,17.323,355,17.323,0.042067307692307696,0.9423076923076923,0.015625
656731,"Megill, Tylor","Pit",121,1026,1026,568,17.326,458,17.326,0.08771929824561403,0.9083820662768031,0.003898635477582846
544727,"Familia, Jeurys","Pit",133,128,128,68,17.326,60,17.326,0.0703125,0.9140625,0.015625
666208,"Speas, Alex","Pit",140,34,34,17,17.327,17,17.327,0.029411764705882353,0.9411764705882353,0.029411764705882353
656986,"Sousa, Bennett","Pit",117,56,56,36,17.363,20,17.363,0.08928571428571429,0.9107142857142857,0
518585,"Cruz, Fernando","Pit",113,477,477,253,17.363,224,17.363,0.10272536687631027,0.8846960167714885,0.012578616352201259
656266,"Bukauskas, J.B.","Pit",158,39,39,21,17.381,18,17.381,0.07692307692307693,0.8974358974358975,0.02564102564102564
665734,"Felipe, Angel","Pit",133,138,138,83,17.4,55,17.4,0.043478260869565216,0.9492753623188406,0.007246376811594203
656546,"Hoffman, Jeff","Pit",143,341,341,191,17.403,150,17.403,0.026392961876832845,0.9648093841642229,0.008797653958944282
572955,"Johnson, Pierce","Pit",144,492,492,270,17.419,222,17.419,0.07317073170731707,0.9207317073170732,0.006097560975609756
676664,"Sears, JP","Pit",133,1214,1214,763,17.433,451,17.433,0.06507413509060955,0.9258649093904449,0.009060955518945634
681432,"Little, Luke","Pit",112,64,64,27,17.444,37,17.444,0,1,0
656887,"Reid-Foley, Sean","Pit",121,60,60,24,17.461,36,17.461,0.06666666666666667,0.9333333333333333,0
594580,"Moll, Sam","Pit",113,466,466,225,17.492,241,17.492,0.0536480686695279,0.927038626609442,0.019313304721030045
657585,"Garrett, Reed","Pit",121,144,144,80,17.505,64,17.505,0.0625,0.9166666666666666,0.020833333333333332
592779,"Stewart, Brock","Pit",142,181,181,86,17.508,95,17.508,0.03867403314917127,0.9558011049723757,0.0055248618784530384
670871,"Zuñiga, Guillermo","Pit",138,19,19,11,17.524,8,17.524,0.10526315789473684,0.8947368421052632,0
669395,"Coleman, Dylan","Pit",118,193,193,76,17.54,117,17.54,0.05181347150259067,0.927461139896373,0.02072538860103627
675540,"Curry, Xzavion","Pit",114,647,647,419,17.547,228,17.547,0.08191653786707882,0.9165378670788253,0.0015455950540958269
642207,"Williams, Devin","Pit",158,415,415,268,17.555,147,17.555,0.06265060240963856,0.9228915662650602,0.014457831325301205
506433,"Darvish, Yu","Pit",135,1003,1003,687,17.568,316,17.568,0.07876370887337986,0.9152542372881356,0.005982053838484547
621345,"Minter, A.J.","Pit",144,445,445,262,17.586,183,17.586,0.008988764044943821,0.9865168539325843,0.0044943820224719105
517008,"Colomé, Alex","Pit",145,23,23,13,17.593,10,17.593,0,1,0
521230,"Hendriks, Liam","Pit",145,36,36,32,17.606,4,17.606,0.1388888888888889,0.8611111111111112,0
571539,"Carasiti, Matt","Pit",115,204,204,102,17.633,102,17.633,0.004901960784313725,0.9852941176470589,0.00980392156862745
647315,"Pop, Zach","Pit",141,88,88,48,17.634,40,17.634,0.056818181818181816,0.9431818181818182,0
572193,"Tepera, Ryan","Pit",138,106,106,57,17.665,49,17.665,0.02830188679245283,0.9622641509433962,0.009433962264150943
543272,"Hand, Brad","Pit",144,446,446,236,17.672,210,17.672,0.04708520179372197,0.952914798206278,0
592094,"Adam, Jason","Pit",139,401,401,246,17.693,155,17.693,0.00997506234413965,0.9800498753117207,0.00997506234413965
694037,"Palencia, Daniel","Pit",112,209,209,116,17.694,93,17.694,0.03827751196172249,0.9617224880382775,0
656820,"Padilla, Nicholas","Pit",145,49,49,29,17.708,20,17.708,0.061224489795918366,0.9387755102040817,0
472610,"García, Luis","Pit",135,415,415,236,17.728,179,17.728,0.01927710843373494,0.9759036144578314,0.004819277108433735
642216,"Winans, Allan","Pit",144,252,252,155,17.74,97,17.74,0.015873015873015872,0.9761904761904762,0.007936507936507936
493603,"Ottavino, Adam","Pit",121,471,471,292,17.77,179,17.77,0.036093418259023353,0.9617834394904459,0.0021231422505307855
680983,"Caceres, Kelvin","Pit",108,13,13,1,17.791,12,17.791,0,1,0
502043,"Gibson, Kyle","Pit",110,1397,1397,934,17.8,463,17.8,0.04581245526127416,0.9477451682176091,0.006442376521116679
683232,"Mears, Nick","Pit",115,172,172,113,17.808,59,17.808,0.023255813953488372,0.9651162790697675,0.011627906976744186
640448,"Finnegan, Kyle","Pit",120,467,467,246,17.831,221,17.831,0.006423982869379015,0.9892933618843683,0.004282655246252677
666201,"Manoah, Alek","Pit",141,736,736,438,17.845,298,17.845,0.09375,0.8913043478260869,0.014945652173913044
657571,"Ferguson, Caleb","Pit",119,447,447,218,17.877,229,17.877,0.015659955257270694,0.9776286353467561,0.006711409395973154
669467,"Pallante, Andre","Pit",138,495,495,254,17.885,241,17.885,0.006060606060606061,0.9818181818181818,0.012121212121212121
664854,"Helsley, Ryan","Pit",138,244,244,135,17.92,109,17.92,0.036885245901639344,0.9508196721311475,0.012295081967213115
660261,"Fujinami, Shintaro","Pit",110,632,632,356,17.923,276,17.923,0.05063291139240506,0.9430379746835443,0.006329113924050633
642528,"Loáisiga, Jonathan","Pit",147,95,95,63,17.938,32,17.938,0,1,0
666204,"Jiménez, Dany","Pit",133,202,202,149,17.95,53,17.95,0.034653465346534656,0.9504950495049505,0.01485148514851485
623381,"Pannone, Thomas","Pit",158,31,31,5,17.958,26,17.958,0,0.967741935483871,0.03225806451612903
668470,"Danner, Hagen","Pit",141,4,4,4,17.989,,17.989,0.25,0.75,0
642231,"Yacabonis, Jimmy","Pit",121,121,121,81,18.005,40,18.005,0.024793388429752067,0.9586776859504132,0.01652892561983471
687830,"Gipson-Long, Sawyer","Pit",116,152,152,99,18.02,53,18.02,0.006578947368421052,0.993421052631579,0
592473,"Kolarek, Adam","Pit",121,38,38,29,18.032,9,18.032,0.05263157894736842,0.9473684210526315,0
611093,"Bracho, Silvino","Pit",113,64,64,34,18.068,30,18.068,0,1,0
641755,"Kinley, Tyler","Pit",115,123,123,59,18.072,64,18.072,0.008130081300813009,0.983739837398374,0.008130081300813009
595897,"Burdi, Nick","Pit",112,19,19,10,18.106,9,18.106,0,1,0
605400,"Nola, Aaron","Pit",143,1320,1320,915,18.115,405,18.115,0.035606060606060606,0.9462121212121212,0.01818181818181818
676961,"Boushley, Caleb","Pit",158,15,15,8,18.122,7,18.122,0,1,0
660906,"Pérez, Francisco","Pit",133,122,122,59,18.195,63,18.195,0.04918032786885246,0.9426229508196722,0.00819672131147541
608678,"Leone, Dominic","Pit",136,349,349,199,18.223,150,18.223,0.0028653295128939827,0.9914040114613181,0.0057306590257879654
689225,"Brieske, Beau","Pit",116,273,273,163,18.284,110,18.284,0.007326007326007326,0.9926739926739927,0
669947,"Scholtens, Jesse","Pit",145,643,643,390,18.296,253,18.296,0.026438569206842923,0.9704510108864697,0.003110419906687403
621051,"Wilson, Steven","Pit",135,445,445,261,18.333,184,18.333,0.015730337078651686,0.9707865168539326,0.01348314606741573
641420,"Burdi, Zack","Pit",139,30,30,18,18.339,12,18.339,0.06666666666666667,0.9333333333333333,0
668754,"Bristo, Braden","Pit",116,50,50,28,18.354,22,18.354,0,0.98,0.02
518886,"Kimbrel, Craig","Pit",143,478,478,294,18.51,184,18.51,0.0020920502092050207,0.9895397489539749,0.008368200836820083
677651,"Garcia, Luis","Pit",117,202,202,145,18.547,57,18.547,0.034653465346534656,0.9603960396039604,0.0049504950495049506
543351,"Jackson, Jay","Pit",141,196,196,142,18.564,54,18.564,0,1,0
693433,"Woo, Bryan","Pit",136,597,597,370,18.654,227,18.654,0.01675041876046901,0.966499162479062,0.01675041876046901
681911,"Vesia, Alex","Pit",119,350,350,215,18.74,135,18.74,0.002857142857142857,0.9942857142857143,0.002857142857142857
571479,"Bellatti, Andrew","Pit",143,195,195,105,18.842,90,18.842,0.015384615384615385,0.9794871794871794,0.005128205128205128
642585,"Bautista, Félix","Pit",110,394,394,230,18.881,164,18.881,0.005076142131979695,0.9771573604060914,0.017766497461928935
445276,"Jansen, Kenley","Pit",111,277,277,185,18.936,92,18.936,0.018050541516245487,0.9711191335740073,0.010830324909747292
592390,"Hembree, Heath","Pit",139,6,6,5,19.144,1,19.144,0.16666666666666666,0.8333333333333334,0
621433,"Phillips, Brett","Pit",108,3,3,,,3,,1,0,0
642133,"Tellez, Rowdy","Pit",158,5,5,,,5,,0.8,0.2,0
663432,"Rainey, Tanner","Pit",120,7,7,,,7,,0,1,0
676689,"Karcher, Ricky","Pit",113,11,11,,,11,,0,1,0
660431,"Perez, Hector","Pit",139,10,10,,,10,,0.4,0.6,0
572008,"Owings, Chris","Pit",134,3,3,,,3,,1,0,0